Latitude,Longitude,Altitude (meters),Date,"Time (hour, minute, second)"
42.002593,-71.197586,42.5,1/22/2023,19:31:22
42.002593,-71.197586,42.3,1/22/2023,19:31:24
42.002593,-71.197586,41.9,1/22/2023,19:31:26
42.002597,-71.197586,41.8,1/22/2023,19:31:28
42.002597,-71.197586,41.8,1/22/2023,19:31:30
42.002597,-71.197586,42,1/22/2023,19:31:32
42.002601,-71.197586,42.3,1/22/2023,19:31:34
42.002601,-71.197586,42.8,1/22/2023,19:31:36
42.002597,-71.197593,43.4,1/22/2023,19:31:37
42.002597,-71.197593,43.6,1/22/2023,19:31:39
42.002597,-71.197593,43.9,1/22/2023,19:31:41
42.002593,-71.197586,43.9,1/22/2023,19:31:43
42.002593,-71.197586,44.7,1/22/2023,19:31:45
42.002601,-71.197608,44.4,1/22/2023,19:31:47
42.002601,-71.197608,45,1/22/2023,19:31:49
42.00259,-71.197616,45.2,1/22/2023,19:31:51
42.002563,-71.197639,44.1,1/22/2023,19:31:53
42.002552,-71.197654,44.6,1/22/2023,19:31:54
42.002529,-71.197677,44.7,1/22/2023,19:31:56
42.002506,-71.1977,44.6,1/22/2023,19:31:58
42.002483,-71.197723,44.6,1/22/2023,19:32:00
42.002456,-71.197746,44.5,1/22/2023,19:32:02
42.002433,-71.197769,44.4,1/22/2023,19:32:04
42.00241,-71.197792,44.3,1/22/2023,19:32:06
42.002388,-71.197807,44,1/22/2023,19:32:08
42.002372,-71.197814,43.9,1/22/2023,19:32:09
42.002349,-71.197837,43.8,1/22/2023,19:32:11
42.002326,-71.197853,43.6,1/22/2023,19:32:13
42.002304,-71.197875,43.2,1/22/2023,19:32:15
42.002285,-71.197891,43.1,1/22/2023,19:32:17
42.002269,-71.197914,43.1,1/22/2023,19:32:19
42.002254,-71.197929,43.1,1/22/2023,19:32:21
42.002239,-71.197937,43.1,1/22/2023,19:32:23
42.002235,-71.197944,43.1,1/22/2023,19:32:24
42.002231,-71.197944,43.1,1/22/2023,19:32:26
42.002227,-71.197944,43,1/22/2023,19:32:28
42.002227,-71.197944,43,1/22/2023,19:32:30
42.002223,-71.197944,42.9,1/22/2023,19:32:32
42.002216,-71.197944,43.2,1/22/2023,19:32:34
42.002201,-71.197944,43.3,1/22/2023,19:32:36
42.002189,-71.197959,43.2,1/22/2023,19:32:38
42.002189,-71.197967,43.5,1/22/2023,19:32:39
42.002197,-71.197982,43.7,1/22/2023,19:32:41
42.002208,-71.19799,43.3,1/22/2023,19:32:43
42.002208,-71.19799,43.2,1/22/2023,19:32:45
42.002208,-71.19799,43.4,1/22/2023,19:32:47
42.002204,-71.19799,43.8,1/22/2023,19:32:49
42.002204,-71.19799,44.1,1/22/2023,19:32:51
42.002204,-71.19799,44.4,1/22/2023,19:32:53
42.002204,-71.19799,44.3,1/22/2023,19:32:54
42.002204,-71.197998,44.7,1/22/2023,19:32:56
42.002208,-71.197998,45.3,1/22/2023,19:32:58
42.002208,-71.198005,45.4,1/22/2023,19:33:00
42.002208,-71.198005,45.4,1/22/2023,19:33:02
42.002212,-71.198005,45.4,1/22/2023,19:33:04
42.002212,-71.198005,45.4,1/22/2023,19:33:07
42.002212,-71.197998,44.8,1/22/2023,19:33:09
42.002208,-71.197998,44.6,1/22/2023,19:33:11
42.002212,-71.197998,44.4,1/22/2023,19:33:12
42.002212,-71.197998,44.1,1/22/2023,19:33:14
42.002216,-71.198005,43.9,1/22/2023,19:33:16
42.00222,-71.198005,43.7,1/22/2023,19:33:18
42.00222,-71.198005,43.5,1/22/2023,19:33:20
42.002223,-71.198005,43.1,1/22/2023,19:33:22
42.00222,-71.197998,42.9,1/22/2023,19:33:24
42.00222,-71.197998,42,1/22/2023,19:33:26
42.002216,-71.19799,41.7,1/22/2023,19:33:27
42.002216,-71.197982,40.7,1/22/2023,19:33:29
42.002208,-71.197982,40,1/22/2023,19:33:31
42.002204,-71.197982,39.8,1/22/2023,19:33:32
42.002201,-71.197975,39.9,1/22/2023,19:33:34
42.002201,-71.197967,40,1/22/2023,19:33:36
42.002201,-71.197967,39.8,1/22/2023,19:33:38
42.002197,-71.197967,39.8,1/22/2023,19:33:40
42.002197,-71.197967,39.7,1/22/2023,19:33:42
42.002197,-71.197967,39.5,1/22/2023,19:33:44
42.002197,-71.197967,39.4,1/22/2023,19:33:46
42.002197,-71.197967,39.4,1/22/2023,19:33:47
42.002201,-71.197959,38.5,1/22/2023,19:33:49
42.002201,-71.197959,38.5,1/22/2023,19:33:51
42.002201,-71.197959,38.5,1/22/2023,19:33:52
42.002204,-71.197959,38.9,1/22/2023,19:33:54
42.002204,-71.197959,38.7,1/22/2023,19:33:56
42.002212,-71.197959,38.9,1/22/2023,19:33:58
42.002212,-71.197959,39.7,1/22/2023,19:33:59
42.002216,-71.197959,39.7,1/22/2023,19:34:01
42.00222,-71.197959,39.7,1/22/2023,19:34:03
42.002223,-71.197959,39.7,1/22/2023,19:34:05
42.002227,-71.197967,39.7,1/22/2023,19:34:07
42.002231,-71.197967,39.7,1/22/2023,19:34:09
42.002231,-71.197967,42.1,1/22/2023,19:34:10
42.002235,-71.197967,42.1,1/22/2023,19:34:12
42.002235,-71.197967,42.1,1/22/2023,19:34:14
42.002235,-71.197967,42.1,1/22/2023,19:34:16
42.002235,-71.197967,42.1,1/22/2023,19:34:17
42.002243,-71.197975,41.6,1/22/2023,19:34:19
42.002243,-71.197967,41.6,1/22/2023,19:34:21
42.002243,-71.197967,41.7,1/22/2023,19:34:22
42.002243,-71.197967,41.5,1/22/2023,19:34:24
42.002243,-71.197967,41.9,1/22/2023,19:34:26
42.002243,-71.197967,42.2,1/22/2023,19:34:28
42.002243,-71.197967,42.6,1/22/2023,19:34:29
42.002239,-71.197959,43.2,1/22/2023,19:34:31
42.002239,-71.197959,43.1,1/22/2023,19:34:33
42.002239,-71.197959,43.1,1/22/2023,19:34:35
42.002239,-71.197959,43.1,1/22/2023,19:34:36
42.002239,-71.197959,43.2,1/22/2023,19:34:38
42.002239,-71.197959,43.2,1/22/2023,19:34:40
42.002243,-71.197959,43.4,1/22/2023,19:34:42
42.002239,-71.197959,43.6,1/22/2023,19:34:43
42.002239,-71.197959,43.5,1/22/2023,19:34:45
42.002235,-71.197959,43.7,1/22/2023,19:34:47
42.002235,-71.197959,44.1,1/22/2023,19:34:48
42.002235,-71.197959,44.2,1/22/2023,19:34:50
42.002239,-71.197959,44.3,1/22/2023,19:34:52
42.002239,-71.197959,44.2,1/22/2023,19:34:53
42.002239,-71.197959,44.2,1/22/2023,19:34:55
42.002239,-71.197952,44.3,1/22/2023,19:34:57
42.002243,-71.197952,44.2,1/22/2023,19:34:58
42.002243,-71.197952,44.2,1/22/2023,19:35:00
42.002243,-71.197952,44.2,1/22/2023,19:35:02
42.002243,-71.197952,44.2,1/22/2023,19:35:04
42.002243,-71.197959,44.2,1/22/2023,19:35:06
42.002243,-71.197959,44.2,1/22/2023,19:35:07
42.002243,-71.197959,44.2,1/22/2023,19:35:09
42.002243,-71.197959,43,1/22/2023,19:35:11
42.002243,-71.197967,43.4,1/22/2023,19:35:13
42.002243,-71.197967,43.3,1/22/2023,19:35:14
42.002243,-71.197967,43.3,1/22/2023,19:35:16
42.002243,-71.197967,43.3,1/22/2023,19:35:18
42.002239,-71.197975,43.5,1/22/2023,19:35:20
42.002239,-71.197982,43,1/22/2023,19:35:21
42.002239,-71.197982,42.7,1/22/2023,19:35:23
42.002246,-71.197982,42.7,1/22/2023,19:35:25
42.002246,-71.197982,42.5,1/22/2023,19:35:26
42.002243,-71.19799,42.7,1/22/2023,19:35:28
42.002239,-71.19799,43,1/22/2023,19:35:30
42.002243,-71.19799,42.7,1/22/2023,19:35:32
42.002246,-71.19799,43,1/22/2023,19:35:33
42.002246,-71.197998,43.3,1/22/2023,19:35:35
42.002243,-71.197998,43.5,1/22/2023,19:35:37
42.002246,-71.197998,43.8,1/22/2023,19:35:38
42.002246,-71.197998,44.1,1/22/2023,19:35:40
42.002246,-71.198005,44.3,1/22/2023,19:35:42
42.002246,-71.198005,44.7,1/22/2023,19:35:43
42.002246,-71.198013,45,1/22/2023,19:35:45
42.002246,-71.198013,44.9,1/22/2023,19:35:47
42.002246,-71.198013,44.9,1/22/2023,19:35:48
42.00225,-71.198005,44.4,1/22/2023,19:35:50
42.00225,-71.198013,44.5,1/22/2023,19:35:52
42.00225,-71.198013,44.2,1/22/2023,19:35:53
42.00225,-71.198013,44,1/22/2023,19:35:55
42.002258,-71.198013,44.3,1/22/2023,19:35:57
42.002258,-71.198013,44.4,1/22/2023,19:35:58
42.002258,-71.198013,44.3,1/22/2023,19:36:00
42.002258,-71.19802,44.3,1/22/2023,19:36:02
42.002254,-71.19802,44.3,1/22/2023,19:36:04
42.002258,-71.19802,44.3,1/22/2023,19:36:06
42.002258,-71.19802,44.3,1/22/2023,19:36:08
42.002254,-71.198028,44.3,1/22/2023,19:36:09
42.002254,-71.198036,45.3,1/22/2023,19:36:11
42.002254,-71.198036,45.5,1/22/2023,19:36:13
42.00225,-71.198036,45.5,1/22/2023,19:36:14
42.002246,-71.198043,45.7,1/22/2023,19:36:16
42.002243,-71.198051,45.7,1/22/2023,19:36:18
42.002243,-71.198059,45.8,1/22/2023,19:36:19
42.002243,-71.198059,46.2,1/22/2023,19:36:21
42.002246,-71.198051,46.3,1/22/2023,19:36:23
42.00225,-71.198043,46.3,1/22/2023,19:36:24
42.002254,-71.198043,46.4,1/22/2023,19:36:26
42.002254,-71.198043,46.3,1/22/2023,19:36:28
42.002254,-71.198043,46.4,1/22/2023,19:36:29
42.002254,-71.198043,46.3,1/22/2023,19:36:31
42.002254,-71.198043,46.4,1/22/2023,19:36:33
42.002258,-71.198043,46.3,1/22/2023,19:36:34
42.002258,-71.198043,46.1,1/22/2023,19:36:36
42.002262,-71.198043,46,1/22/2023,19:36:38
42.002262,-71.198043,45.8,1/22/2023,19:36:39
42.002265,-71.198036,45.7,1/22/2023,19:36:41
42.002262,-71.198036,45.5,1/22/2023,19:36:43
42.002262,-71.198043,45.6,1/22/2023,19:36:44
42.002265,-71.198036,45.5,1/22/2023,19:36:46
42.002265,-71.198036,45.4,1/22/2023,19:36:48
42.002265,-71.198043,45.3,1/22/2023,19:36:49
42.002262,-71.198043,45.2,1/22/2023,19:36:51
42.002258,-71.198043,44.7,1/22/2023,19:36:53
42.002254,-71.198043,44.9,1/22/2023,19:36:54
42.002254,-71.198051,43.6,1/22/2023,19:36:56
42.002246,-71.198051,42.9,1/22/2023,19:36:58
42.002246,-71.198043,42.4,1/22/2023,19:37:00
42.002243,-71.198051,42.4,1/22/2023,19:37:01
42.00225,-71.198043,42.4,1/22/2023,19:37:03
42.002243,-71.198043,42.4,1/22/2023,19:37:05
42.002246,-71.198043,42.4,1/22/2023,19:37:07
42.002246,-71.198043,42.4,1/22/2023,19:37:09
42.00225,-71.198043,42.4,1/22/2023,19:37:11
42.00225,-71.198043,42.7,1/22/2023,19:37:12
42.002243,-71.198043,42.4,1/22/2023,19:37:14
42.002243,-71.198043,42.3,1/22/2023,19:37:16
42.002243,-71.198043,42.3,1/22/2023,19:37:17
42.002243,-71.198043,41.7,1/22/2023,19:37:19
42.002243,-71.198036,41.5,1/22/2023,19:37:21
42.002239,-71.198036,41.3,1/22/2023,19:37:23
42.002239,-71.198036,41.5,1/22/2023,19:37:24
42.002239,-71.198036,41.3,1/22/2023,19:37:26
42.002239,-71.198043,41.1,1/22/2023,19:37:28
42.002239,-71.198043,41.4,1/22/2023,19:37:29
42.002243,-71.198043,40.9,1/22/2023,19:37:31
42.002239,-71.198036,40.7,1/22/2023,19:37:33
42.002239,-71.198036,40.7,1/22/2023,19:37:34
42.002239,-71.198028,41.1,1/22/2023,19:37:36
42.002235,-71.198028,41.4,1/22/2023,19:37:38
42.002235,-71.198028,41.5,1/22/2023,19:37:39
42.002231,-71.198028,41.6,1/22/2023,19:37:41
42.002231,-71.198028,41.5,1/22/2023,19:37:43
42.002227,-71.198028,41.3,1/22/2023,19:37:44
42.002227,-71.198028,41.5,1/22/2023,19:37:46
42.002227,-71.198028,41.5,1/22/2023,19:37:48
42.002227,-71.198028,41.5,1/22/2023,19:37:49
42.002223,-71.198028,41.4,1/22/2023,19:37:51
42.002223,-71.198028,41.3,1/22/2023,19:37:53
42.002223,-71.198028,41.1,1/22/2023,19:37:54
42.002227,-71.198028,41,1/22/2023,19:37:56
42.002227,-71.198028,40.9,1/22/2023,19:37:58
42.002227,-71.198028,40.7,1/22/2023,19:38:00
42.002227,-71.198028,40.7,1/22/2023,19:38:01
42.002227,-71.198028,40.7,1/22/2023,19:38:03
42.002227,-71.19802,40.7,1/22/2023,19:38:05
42.002227,-71.19802,40.7,1/22/2023,19:38:07
42.002227,-71.198013,40.7,1/22/2023,19:38:09
42.002227,-71.198013,40.1,1/22/2023,19:38:11
42.002227,-71.198005,40.2,1/22/2023,19:38:12
42.002227,-71.198005,40.2,1/22/2023,19:38:14
42.002227,-71.198013,39.5,1/22/2023,19:38:16
42.002227,-71.198005,39.6,1/22/2023,19:38:17
42.002227,-71.198005,39.7,1/22/2023,19:38:19
42.002227,-71.198005,39.7,1/22/2023,19:38:21
42.002227,-71.198005,39.4,1/22/2023,19:38:22
42.002227,-71.198005,39.1,1/22/2023,19:38:24
42.002227,-71.198005,38.9,1/22/2023,19:38:26
42.002227,-71.197998,38.6,1/22/2023,19:38:27
42.002223,-71.197998,38.3,1/22/2023,19:38:29
42.002223,-71.198005,37.4,1/22/2023,19:38:31
42.002223,-71.198005,37.4,1/22/2023,19:38:32
42.002223,-71.198005,37.4,1/22/2023,19:38:34
42.002223,-71.197998,37.5,1/22/2023,19:38:36
42.002223,-71.197998,37.7,1/22/2023,19:38:37
42.00222,-71.197998,37.9,1/22/2023,19:38:39
42.00222,-71.19799,38,1/22/2023,19:38:41
42.00222,-71.19799,38.1,1/22/2023,19:38:42
42.002216,-71.197982,38.2,1/22/2023,19:38:44
42.002216,-71.197982,38.5,1/22/2023,19:38:46
42.002216,-71.197975,38.8,1/22/2023,19:38:48
42.002216,-71.197975,39.1,1/22/2023,19:38:49
42.002216,-71.197975,39.2,1/22/2023,19:38:51
42.002216,-71.197975,39.4,1/22/2023,19:38:53
42.002212,-71.197967,39.3,1/22/2023,19:38:55
42.002212,-71.197967,39.4,1/22/2023,19:38:56
42.002216,-71.197967,39.6,1/22/2023,19:38:58
42.002212,-71.197967,39.6,1/22/2023,19:39:00
42.002212,-71.197967,39.6,1/22/2023,19:39:02
42.002212,-71.197967,39.6,1/22/2023,19:39:04
42.002212,-71.197967,39.6,1/22/2023,19:39:06
42.002212,-71.197967,39.6,1/22/2023,19:39:07
42.002212,-71.197975,39.4,1/22/2023,19:39:09
42.002212,-71.197975,39.3,1/22/2023,19:39:11
42.002216,-71.197975,39.2,1/22/2023,19:39:13
42.00222,-71.197975,38.9,1/22/2023,19:39:14
42.002223,-71.197967,38.5,1/22/2023,19:39:16
42.002227,-71.197959,38.5,1/22/2023,19:39:18
42.002227,-71.197959,38.4,1/22/2023,19:39:19
42.002231,-71.197952,38.2,1/22/2023,19:39:21
42.002235,-71.197944,38.3,1/22/2023,19:39:23
42.002239,-71.197937,38.1,1/22/2023,19:39:24
42.002246,-71.197921,38,1/22/2023,19:39:26
42.002254,-71.197898,37.8,1/22/2023,19:39:28
42.002262,-71.197891,37.6,1/22/2023,19:39:29
42.002281,-71.197883,37.3,1/22/2023,19:39:31
42.002292,-71.197868,38.7,1/22/2023,19:39:33
42.0023,-71.197868,38.8,1/22/2023,19:39:34
42.002323,-71.197853,39.5,1/22/2023,19:39:36
42.002338,-71.197853,40,1/22/2023,19:39:38
42.002349,-71.197853,41.4,1/22/2023,19:39:39
42.002372,-71.197868,42.2,1/22/2023,19:39:41
42.002391,-71.197883,42.5,1/22/2023,19:39:43
42.002403,-71.197883,42.7,1/22/2023,19:39:44
42.002422,-71.197898,43,1/22/2023,19:39:46
42.002441,-71.197914,43.4,1/22/2023,19:39:48
42.002452,-71.197921,43.7,1/22/2023,19:39:49
42.002475,-71.197937,44,1/22/2023,19:39:51
42.002494,-71.197952,44.2,1/22/2023,19:39:53
42.002506,-71.197959,44,1/22/2023,19:39:54
42.002525,-71.197982,43.8,1/22/2023,19:39:56
42.002552,-71.198005,43.7,1/22/2023,19:39:58
42.002563,-71.198013,43.4,1/22/2023,19:39:59
42.002586,-71.198036,43.2,1/22/2023,19:40:01
42.002613,-71.198059,43.2,1/22/2023,19:40:03
42.002628,-71.198066,43.2,1/22/2023,19:40:04
42.002655,-71.198089,43,1/22/2023,19:40:06
42.002685,-71.198112,42.9,1/22/2023,19:40:08
42.0027,-71.19812,42.5,1/22/2023,19:40:09
42.002731,-71.198143,41.5,1/22/2023,19:40:11
42.002761,-71.198173,41.4,1/22/2023,19:40:13
42.002777,-71.198188,41,1/22/2023,19:40:14
42.002807,-71.198219,41.3,1/22/2023,19:40:16
42.002838,-71.198249,41.4,1/22/2023,19:40:18
42.002857,-71.198265,41.5,1/22/2023,19:40:19
42.002891,-71.198295,41.6,1/22/2023,19:40:21
42.002925,-71.198333,41.6,1/22/2023,19:40:23
42.002944,-71.198348,41.5,1/22/2023,19:40:24
42.002983,-71.198379,41.8,1/22/2023,19:40:26
42.003025,-71.19841,41.9,1/22/2023,19:40:28
42.003044,-71.198417,42.5,1/22/2023,19:40:29
42.003082,-71.198448,43.8,1/22/2023,19:40:31
42.003124,-71.198463,44.1,1/22/2023,19:40:33
42.003147,-71.198471,44.1,1/22/2023,19:40:34
42.003189,-71.198478,44,1/22/2023,19:40:36
42.003234,-71.198478,44,1/22/2023,19:40:38
42.003257,-71.198478,44,1/22/2023,19:40:39
42.003303,-71.198471,43.6,1/22/2023,19:40:41
42.003345,-71.198471,43.4,1/22/2023,19:40:43
42.003368,-71.198463,43.2,1/22/2023,19:40:44
42.003414,-71.198463,43.5,1/22/2023,19:40:46
42.003452,-71.198463,43.8,1/22/2023,19:40:48
42.003475,-71.198471,45.3,1/22/2023,19:40:49
42.003513,-71.198493,46.3,1/22/2023,19:40:51
42.003551,-71.198532,46,1/22/2023,19:40:53
42.003566,-71.198547,46.5,1/22/2023,19:40:54
42.003597,-71.1986,47.1,1/22/2023,19:40:56
42.003612,-71.198661,47,1/22/2023,19:40:58
42.00362,-71.198692,46.7,1/22/2023,19:40:59
42.00362,-71.198753,47.1,1/22/2023,19:41:01
42.003604,-71.198814,47,1/22/2023,19:41:03
42.003593,-71.198844,46.6,1/22/2023,19:41:04
42.003562,-71.198898,46.4,1/22/2023,19:41:06
42.00352,-71.198936,45.8,1/22/2023,19:41:08
42.003498,-71.198959,46.4,1/22/2023,19:41:09
42.003456,-71.198997,46.4,1/22/2023,19:41:11
42.003406,-71.199035,46.7,1/22/2023,19:41:13
42.003379,-71.199058,46.6,1/22/2023,19:41:14
42.003326,-71.199096,46.6,1/22/2023,19:41:16
42.003276,-71.199134,46.8,1/22/2023,19:41:18
42.003253,-71.199157,47,1/22/2023,19:41:19
42.0032,-71.199195,47.4,1/22/2023,19:41:21
42.003147,-71.199241,47.4,1/22/2023,19:41:23
42.003116,-71.199264,47.6,1/22/2023,19:41:24
42.003055,-71.199302,47.5,1/22/2023,19:41:26
42.00299,-71.199348,47.4,1/22/2023,19:41:28
42.00296,-71.199371,47.3,1/22/2023,19:41:29
42.002891,-71.199424,47.3,1/22/2023,19:41:31
42.002819,-71.199478,47.4,1/22/2023,19:41:33
42.002784,-71.199508,46.9,1/22/2023,19:41:34
42.002704,-71.199562,46.9,1/22/2023,19:41:36
42.002632,-71.199615,46.9,1/22/2023,19:41:38
42.002601,-71.19963,46.2,1/22/2023,19:41:39
42.002548,-71.199668,45.8,1/22/2023,19:41:41
42.002506,-71.199699,45.9,1/22/2023,19:41:43
42.00249,-71.199714,45.9,1/22/2023,19:41:44
42.002464,-71.199737,45.6,1/22/2023,19:41:46
42.002433,-71.199768,45.7,1/22/2023,19:41:48
42.002422,-71.19979,45.8,1/22/2023,19:41:49
42.002395,-71.199829,45.2,1/22/2023,19:41:51
42.002376,-71.199882,45.2,1/22/2023,19:41:53
42.002368,-71.199905,45,1/22/2023,19:41:54
42.002365,-71.199943,44.9,1/22/2023,19:41:56
42.002368,-71.199981,44.6,1/22/2023,19:41:58
42.002368,-71.199996,44.3,1/22/2023,19:41:59
42.002376,-71.200027,44.3,1/22/2023,19:42:01
42.002388,-71.200057,44.2,1/22/2023,19:42:03
42.002395,-71.200073,44.1,1/22/2023,19:42:04
42.002407,-71.200103,44.1,1/22/2023,19:42:06
42.002426,-71.200126,43.9,1/22/2023,19:42:08
42.002433,-71.200149,43.7,1/22/2023,19:42:09
42.002456,-71.200187,43.7,1/22/2023,19:42:11
42.002479,-71.200241,43.7,1/22/2023,19:42:13
42.002494,-71.200271,44,1/22/2023,19:42:14
42.002525,-71.20034,43.8,1/22/2023,19:42:16
42.002555,-71.200408,43.9,1/22/2023,19:42:18
42.002574,-71.200447,43.8,1/22/2023,19:42:19
42.002609,-71.200523,43.7,1/22/2023,19:42:21
42.002651,-71.200607,43.5,1/22/2023,19:42:23
42.00267,-71.200645,43.4,1/22/2023,19:42:24
42.002708,-71.200729,43.4,1/22/2023,19:42:26
42.00275,-71.200813,43.4,1/22/2023,19:42:28
42.002769,-71.200859,43.5,1/22/2023,19:42:29
42.002811,-71.20095,43.5,1/22/2023,19:42:31
42.002853,-71.201034,43.8,1/22/2023,19:42:33
42.002872,-71.201072,43.9,1/22/2023,19:42:34
42.00291,-71.201148,44.1,1/22/2023,19:42:36
42.002944,-71.201225,44.1,1/22/2023,19:42:38
42.002964,-71.201263,44.1,1/22/2023,19:42:39
42.00299,-71.201316,44.2,1/22/2023,19:42:41
42.003013,-71.201362,44.4,1/22/2023,19:42:43
42.003025,-71.201385,44.4,1/22/2023,19:42:44
42.003036,-71.201423,44.4,1/22/2023,19:42:46
42.00304,-71.201454,44.1,1/22/2023,19:42:48
42.00304,-71.201477,43.5,1/22/2023,19:42:49
42.003032,-71.201507,43.3,1/22/2023,19:42:51
42.003021,-71.201545,43.2,1/22/2023,19:42:53
42.003013,-71.20156,43.3,1/22/2023,19:42:54
42.002998,-71.201591,43.2,1/22/2023,19:42:56
42.002983,-71.201606,43,1/22/2023,19:42:58
42.002979,-71.201606,42.9,1/22/2023,19:42:59
42.002975,-71.201614,42.9,1/22/2023,19:43:01
42.002975,-71.201614,42.9,1/22/2023,19:43:03
42.002975,-71.201614,42.9,1/22/2023,19:43:05
42.002975,-71.201614,42.9,1/22/2023,19:43:07
42.002975,-71.201614,42.9,1/22/2023,19:43:09
42.002975,-71.201614,42.9,1/22/2023,19:43:10
42.002971,-71.201614,43.2,1/22/2023,19:43:12
42.002971,-71.201614,43.1,1/22/2023,19:43:14
42.002971,-71.201614,43,1/22/2023,19:43:16
42.002971,-71.201614,42.9,1/22/2023,19:43:17
42.002971,-71.201614,42.8,1/22/2023,19:43:19
42.002971,-71.201614,42.7,1/22/2023,19:43:21
42.002971,-71.201606,42.5,1/22/2023,19:43:22
42.002971,-71.201614,42.4,1/22/2023,19:43:24
42.002967,-71.201614,42.5,1/22/2023,19:43:26
42.002967,-71.201614,42.5,1/22/2023,19:43:28
42.002967,-71.201614,42.8,1/22/2023,19:43:29
42.002967,-71.201606,42.9,1/22/2023,19:43:31
42.002971,-71.201599,42.7,1/22/2023,19:43:33
42.002971,-71.201599,42.6,1/22/2023,19:43:35
42.002975,-71.201599,42.6,1/22/2023,19:43:36
42.002975,-71.201591,42.5,1/22/2023,19:43:38
42.002971,-71.201599,41.8,1/22/2023,19:43:40
42.002971,-71.201599,41.1,1/22/2023,19:43:41
42.002967,-71.201599,40,1/22/2023,19:43:43
42.002967,-71.201606,41.4,1/22/2023,19:43:45
42.002967,-71.201606,41.9,1/22/2023,19:43:46
42.002967,-71.201606,42.9,1/22/2023,19:43:48
42.002964,-71.201606,43.3,1/22/2023,19:43:50
42.002964,-71.201614,43.4,1/22/2023,19:43:52
42.002964,-71.201614,43.4,1/22/2023,19:43:53
42.002964,-71.201614,44.7,1/22/2023,19:43:55
42.002964,-71.201614,44.7,1/22/2023,19:43:57
42.002964,-71.201614,44.7,1/22/2023,19:43:59
42.002964,-71.201614,44.7,1/22/2023,19:44:01
42.002964,-71.201614,44.7,1/22/2023,19:44:03
42.002964,-71.201614,44.7,1/22/2023,19:44:04
42.002964,-71.201614,44.7,1/22/2023,19:44:06
42.00296,-71.201614,44.7,1/22/2023,19:44:08
42.00296,-71.201614,47.2,1/22/2023,19:44:10
42.00296,-71.201606,47.3,1/22/2023,19:44:12
42.00296,-71.201606,47.7,1/22/2023,19:44:13
42.00296,-71.201606,47.9,1/22/2023,19:44:15
42.00296,-71.201606,48,1/22/2023,19:44:17
42.00296,-71.201606,48.2,1/22/2023,19:44:18
42.002964,-71.201606,48.4,1/22/2023,19:44:20
42.002964,-71.201606,48.5,1/22/2023,19:44:22
42.002964,-71.201606,48.7,1/22/2023,19:44:23
42.00296,-71.201606,48.7,1/22/2023,19:44:25
42.00296,-71.201606,48.9,1/22/2023,19:44:27
42.00296,-71.201606,49,1/22/2023,19:44:28
42.00296,-71.201606,49.2,1/22/2023,19:44:30
42.00296,-71.201614,49.2,1/22/2023,19:44:32
42.00296,-71.201614,49.3,1/22/2023,19:44:33
42.00296,-71.201614,49.4,1/22/2023,19:44:35
42.00296,-71.201614,49.4,1/22/2023,19:44:37
42.00296,-71.201614,49.5,1/22/2023,19:44:38
42.00296,-71.201614,49.6,1/22/2023,19:44:40
42.00296,-71.201614,49.7,1/22/2023,19:44:42
42.002964,-71.201614,49.8,1/22/2023,19:44:43
42.00296,-71.201614,49.8,1/22/2023,19:44:45
42.00296,-71.201614,50,1/22/2023,19:44:47
42.00296,-71.201614,50.1,1/22/2023,19:44:48
42.00296,-71.201614,50,1/22/2023,19:44:50
42.00296,-71.201614,50.2,1/22/2023,19:44:52
42.00296,-71.201614,50.3,1/22/2023,19:44:53
42.00296,-71.201614,50.4,1/22/2023,19:44:55
42.00296,-71.201614,50.5,1/22/2023,19:44:57
42.00296,-71.201614,50.6,1/22/2023,19:44:58
42.00296,-71.201614,50.6,1/22/2023,19:45:00
42.002964,-71.201614,50.8,1/22/2023,19:45:02
42.002964,-71.201614,50.8,1/22/2023,19:45:04
42.002964,-71.201614,50.8,1/22/2023,19:45:06
42.002964,-71.201614,50.8,1/22/2023,19:45:08
42.00296,-71.201614,50.8,1/22/2023,19:45:09
42.002964,-71.201614,50,1/22/2023,19:45:11
42.00296,-71.201622,50.7,1/22/2023,19:45:13
42.002956,-71.201629,50.7,1/22/2023,19:45:14
42.002941,-71.201637,50.8,1/22/2023,19:45:16
42.002925,-71.20166,51.1,1/22/2023,19:45:18
42.002914,-71.201667,51.2,1/22/2023,19:45:19
42.002891,-71.20169,51.1,1/22/2023,19:45:21
42.002864,-71.201713,51.1,1/22/2023,19:45:23
42.002853,-71.201721,51.3,1/22/2023,19:45:24
42.002822,-71.201744,51.6,1/22/2023,19:45:26
42.002796,-71.201774,51.6,1/22/2023,19:45:28
42.00278,-71.201782,51.6,1/22/2023,19:45:29
42.002754,-71.201812,51.6,1/22/2023,19:45:31
42.002731,-71.201835,51.2,1/22/2023,19:45:33
42.002719,-71.201858,51,1/22/2023,19:45:34
42.002704,-71.201896,50.6,1/22/2023,19:45:36
42.002689,-71.201934,50.4,1/22/2023,19:45:38
42.002681,-71.20195,50.5,1/22/2023,19:45:39
42.002666,-71.201972,50.9,1/22/2023,19:45:41
42.002651,-71.20198,50.9,1/22/2023,19:45:43
42.002635,-71.201972,50.7,1/22/2023,19:45:45
42.002632,-71.201965,50.2,1/22/2023,19:45:46
42.00262,-71.201957,49.5,1/22/2023,19:45:48
42.002616,-71.20195,49.3,1/22/2023,19:45:50
42.002616,-71.20195,48.7,1/22/2023,19:45:51
42.002616,-71.20195,48.7,1/22/2023,19:45:53
42.002616,-71.20195,48.7,1/22/2023,19:45:55
42.002613,-71.201942,47.1,1/22/2023,19:45:57
42.002605,-71.201919,46.9,1/22/2023,19:45:58
42.002559,-71.20182,46.5,1/22/2023,19:46:00
42.002471,-71.201629,46.2,1/22/2023,19:46:02
42.002407,-71.201499,46,1/22/2023,19:46:03
42.002258,-71.201187,45.7,1/22/2023,19:46:05
42.002071,-71.20079,45.3,1/22/2023,19:46:07
42.00196,-71.200569,45.2,1/22/2023,19:46:08
42.001716,-71.200065,45.1,1/22/2023,19:46:10
42.001445,-71.199493,45,1/22/2023,19:46:12
42.001296,-71.199188,44.9,1/22/2023,19:46:13
42.000991,-71.198532,45.2,1/22/2023,19:46:15
42.000679,-71.197814,46.1,1/22/2023,19:46:17
42.000514,-71.197441,46.5,1/22/2023,19:46:18
42.000164,-71.196685,47.9,1/22/2023,19:46:20
41.999782,-71.195915,48.6,1/22/2023,19:46:22
41.999576,-71.195526,48.9,1/22/2023,19:46:23
41.99916,-71.194709,50.3,1/22/2023,19:46:25
41.998741,-71.19387,54.6,1/22/2023,19:46:27
41.998527,-71.193443,57.4,1/22/2023,19:46:28
41.998104,-71.192596,63.3,1/22/2023,19:46:30
41.997673,-71.191734,70.4,1/22/2023,19:46:32
41.997451,-71.191299,74.4,1/22/2023,19:46:33
41.997005,-71.190437,82.8,1/22/2023,19:46:35
41.996543,-71.189575,91.6,1/22/2023,19:46:37
41.996311,-71.189155,96.1,1/22/2023,19:46:38
41.995834,-71.188301,104.3,1/22/2023,19:46:40
41.995342,-71.187469,112.3,1/22/2023,19:46:42
41.995082,-71.187057,115.9,1/22/2023,19:46:43
41.994518,-71.186286,122.9,1/22/2023,19:46:45
41.993892,-71.185585,128.4,1/22/2023,19:46:47
41.993564,-71.185249,131.1,1/22/2023,19:46:48
41.992893,-71.184593,138.4,1/22/2023,19:46:50
41.992221,-71.183952,147.1,1/22/2023,19:46:52
41.991886,-71.183631,151.8,1/22/2023,19:46:53
41.99121,-71.183006,160.6,1/22/2023,19:46:55
41.990524,-71.182395,169.1,1/22/2023,19:46:57
41.990173,-71.182098,173.2,1/22/2023,19:46:58
41.989448,-71.181549,179.9,1/22/2023,19:47:00
41.988693,-71.18106,185.1,1/22/2023,19:47:02
41.988304,-71.180831,187.4,1/22/2023,19:47:03
41.987506,-71.180397,192.1,1/22/2023,19:47:05
41.986694,-71.179969,197.3,1/22/2023,19:47:07
41.986282,-71.179771,200,1/22/2023,19:47:08
41.985446,-71.179382,206.1,1/22/2023,19:47:10
41.9846,-71.179016,213.1,1/22/2023,19:47:12
41.984172,-71.178848,216.8,1/22/2023,19:47:13
41.983318,-71.17852,224.2,1/22/2023,19:47:15
41.982452,-71.178222,231.8,1/22/2023,19:47:17
41.982021,-71.178077,235.2,1/22/2023,19:47:18
41.981151,-71.177795,241.2,1/22/2023,19:47:20
41.98027,-71.17752,246.9,1/22/2023,19:47:22
41.979831,-71.177391,249.9,1/22/2023,19:47:23
41.978942,-71.177139,255.7,1/22/2023,19:47:25
41.978042,-71.176902,258.9,1/22/2023,19:47:27
41.977584,-71.176788,260.3,1/22/2023,19:47:28
41.976665,-71.176589,263.4,1/22/2023,19:47:30
41.975742,-71.176391,267.5,1/22/2023,19:47:32
41.975276,-71.176292,269.6,1/22/2023,19:47:33
41.974346,-71.176094,273.9,1/22/2023,19:47:35
41.973411,-71.175895,278.5,1/22/2023,19:47:37
41.972942,-71.175804,280.7,1/22/2023,19:47:38
41.972,-71.175643,284,1/22/2023,19:47:40
41.971046,-71.175506,287.6,1/22/2023,19:47:42
41.970573,-71.175445,289.3,1/22/2023,19:47:43
41.969623,-71.175331,292.3,1/22/2023,19:47:45
41.968677,-71.175216,295.8,1/22/2023,19:47:47
41.968204,-71.17517,297.3,1/22/2023,19:47:48
41.967258,-71.175094,300.9,1/22/2023,19:47:50
41.966308,-71.175041,303.3,1/22/2023,19:47:52
41.965831,-71.17501,303.7,1/22/2023,19:47:53
41.964874,-71.17498,303.2,1/22/2023,19:47:55
41.963905,-71.174987,302.4,1/22/2023,19:47:57
41.96342,-71.174995,301.9,1/22/2023,19:47:58
41.962444,-71.17501,301.3,1/22/2023,19:48:00
41.961456,-71.175048,301.3,1/22/2023,19:48:02
41.960964,-71.175079,301.4,1/22/2023,19:48:03
41.959972,-71.175148,301.7,1/22/2023,19:48:05
41.958976,-71.175224,303,1/22/2023,19:48:07
41.95848,-71.17527,304,1/22/2023,19:48:08
41.957489,-71.175361,306.1,1/22/2023,19:48:10
41.956512,-71.175453,309,1/22/2023,19:48:12
41.956027,-71.175514,310.7,1/22/2023,19:48:13
41.95507,-71.175643,314.3,1/22/2023,19:48:15
41.954124,-71.175796,317.5,1/22/2023,19:48:17
41.953655,-71.175872,318.7,1/22/2023,19:48:18
41.95272,-71.176033,320.7,1/22/2023,19:48:20
41.951793,-71.1762,322.7,1/22/2023,19:48:22
41.951328,-71.176292,323.1,1/22/2023,19:48:23
41.950397,-71.17646,322,1/22/2023,19:48:25
41.949462,-71.176651,320.7,1/22/2023,19:48:27
41.948997,-71.176757,320,1/22/2023,19:48:28
41.948059,-71.176994,318.5,1/22/2023,19:48:30
41.947113,-71.177238,316.8,1/22/2023,19:48:32
41.94664,-71.17736,316.6,1/22/2023,19:48:33
41.945697,-71.177619,317.3,1/22/2023,19:48:35
41.944759,-71.177886,318.2,1/22/2023,19:48:37
41.94429,-71.178031,318.6,1/22/2023,19:48:38
41.943367,-71.178344,320.5,1/22/2023,19:48:40
41.942447,-71.178672,321.6,1/22/2023,19:48:42
41.941989,-71.17884,321.8,1/22/2023,19:48:43
41.941066,-71.179176,321.2,1/22/2023,19:48:45
41.940143,-71.179534,318.7,1/22/2023,19:48:47
41.939678,-71.179725,317.3,1/22/2023,19:48:48
41.938747,-71.180122,315.2,1/22/2023,19:48:50
41.937808,-71.180519,312.7,1/22/2023,19:48:52
41.937335,-71.180717,312.8,1/22/2023,19:48:53
41.936393,-71.181129,312.1,1/22/2023,19:48:55
41.935451,-71.181571,311.6,1/22/2023,19:48:57
41.934982,-71.1818,312,1/22/2023,19:48:58
41.934047,-71.18225,314.3,1/22/2023,19:49:00
41.933116,-71.182701,316.3,1/22/2023,19:49:02
41.932651,-71.182929,317.5,1/22/2023,19:49:03
41.931724,-71.183387,319.3,1/22/2023,19:49:05
41.930801,-71.18386,321.6,1/22/2023,19:49:07
41.930343,-71.184104,322.3,1/22/2023,19:49:08
41.929431,-71.184593,323.8,1/22/2023,19:49:10
41.928524,-71.185081,324.5,1/22/2023,19:49:12
41.92807,-71.185325,325.5,1/22/2023,19:49:13
41.927169,-71.185821,327.4,1/22/2023,19:49:15
41.926273,-71.186325,328.9,1/22/2023,19:49:17
41.925827,-71.186576,329.6,1/22/2023,19:49:18
41.924934,-71.187088,330.1,1/22/2023,19:49:20
41.924041,-71.187599,329.6,1/22/2023,19:49:22
41.923595,-71.187866,329.2,1/22/2023,19:49:23
41.922698,-71.188392,328.1,1/22/2023,19:49:25
41.921798,-71.188919,327.2,1/22/2023,19:49:27
41.921348,-71.189178,326.6,1/22/2023,19:49:28
41.920436,-71.189697,325.2,1/22/2023,19:49:30
41.919517,-71.190193,324.1,1/22/2023,19:49:32
41.919052,-71.190437,323.4,1/22/2023,19:49:33
41.918113,-71.190879,322.1,1/22/2023,19:49:35
41.91716,-71.191261,320.4,1/22/2023,19:49:37
41.916679,-71.191429,319.8,1/22/2023,19:49:38
41.915714,-71.191719,318.5,1/22/2023,19:49:40
41.91473,-71.19194,316.6,1/22/2023,19:49:42
41.914237,-71.192031,316,1/22/2023,19:49:43
41.913261,-71.192192,314.8,1/22/2023,19:49:45
41.912281,-71.192344,314.6,1/22/2023,19:49:47
41.911792,-71.192428,314.5,1/22/2023,19:49:48
41.91082,-71.192588,314.2,1/22/2023,19:49:50
41.909843,-71.192741,313.8,1/22/2023,19:49:52
41.909355,-71.19281,313.3,1/22/2023,19:49:53
41.908386,-71.192962,313.2,1/22/2023,19:49:55
41.907413,-71.193107,312.7,1/22/2023,19:49:57
41.906925,-71.193168,312.6,1/22/2023,19:49:58
41.905956,-71.193267,312.5,1/22/2023,19:50:00
41.904983,-71.193351,311.7,1/22/2023,19:50:02
41.904495,-71.193389,310.9,1/22/2023,19:50:03
41.903511,-71.193443,309.3,1/22/2023,19:50:05
41.902523,-71.193496,306.8,1/22/2023,19:50:07
41.90203,-71.193519,305.4,1/22/2023,19:50:08
41.901039,-71.19358,303,1/22/2023,19:50:10
41.900035,-71.193641,300.4,1/22/2023,19:50:12
41.899536,-71.193672,299.1,1/22/2023,19:50:13
41.898525,-71.193733,296.6,1/22/2023,19:50:15
41.89751,-71.193786,295.2,1/22/2023,19:50:17
41.897003,-71.193817,295.3,1/22/2023,19:50:18
41.895984,-71.193862,295.5,1/22/2023,19:50:20
41.894969,-71.193901,296.1,1/22/2023,19:50:22
41.894458,-71.193923,296.2,1/22/2023,19:50:23
41.89344,-71.193969,295.8,1/22/2023,19:50:25
41.892425,-71.194023,295.3,1/22/2023,19:50:27
41.891914,-71.194053,295,1/22/2023,19:50:28
41.890892,-71.194122,294.8,1/22/2023,19:50:30
41.889873,-71.19419,294.6,1/22/2023,19:50:32
41.889362,-71.194229,294.5,1/22/2023,19:50:33
41.888339,-71.194305,294.2,1/22/2023,19:50:35
41.887321,-71.194396,294.7,1/22/2023,19:50:37
41.886814,-71.194442,294.9,1/22/2023,19:50:38
41.885799,-71.194549,295.7,1/22/2023,19:50:40
41.884788,-71.194664,296.3,1/22/2023,19:50:42
41.884281,-71.194725,296.5,1/22/2023,19:50:43
41.883281,-71.194831,294.5,1/22/2023,19:50:45
41.882286,-71.194953,294.2,1/22/2023,19:50:47
41.881786,-71.195014,294.2,1/22/2023,19:50:48
41.880786,-71.195152,293.5,1/22/2023,19:50:50
41.879787,-71.195289,292.9,1/22/2023,19:50:52
41.879287,-71.195358,292.3,1/22/2023,19:50:53
41.878276,-71.195487,293.1,1/22/2023,19:50:55
41.877273,-71.195617,293.9,1/22/2023,19:50:57
41.876773,-71.195678,293.4,1/22/2023,19:50:58
41.87577,-71.195808,291.9,1/22/2023,19:51:00
41.874763,-71.195938,290.2,1/22/2023,19:51:02
41.874259,-71.195991,289.6,1/22/2023,19:51:03
41.873249,-71.196098,289.7,1/22/2023,19:51:05
41.872241,-71.196197,289.7,1/22/2023,19:51:07
41.871738,-71.196228,290.9,1/22/2023,19:51:08
41.870735,-71.19625,291.3,1/22/2023,19:51:10
41.869739,-71.196228,291.7,1/22/2023,19:51:12
41.869239,-71.196189,291.7,1/22/2023,19:51:13
41.868251,-71.19606,291,1/22/2023,19:51:15
41.867267,-71.195854,289.1,1/22/2023,19:51:17
41.866779,-71.195716,288.5,1/22/2023,19:51:18
41.865821,-71.195381,288,1/22/2023,19:51:20
41.864883,-71.194953,289.2,1/22/2023,19:51:22
41.864429,-71.194709,290.1,1/22/2023,19:51:23
41.863544,-71.194137,292,1/22/2023,19:51:25
41.862701,-71.193481,294.4,1/22/2023,19:51:27
41.862297,-71.193115,294.4,1/22/2023,19:51:28
41.861526,-71.192321,292.3,1/22/2023,19:51:30
41.860801,-71.191429,290.7,1/22/2023,19:51:32
41.860458,-71.190948,290.6,1/22/2023,19:51:33
41.859836,-71.189926,291.1,1/22/2023,19:51:35
41.859283,-71.188842,292.1,1/22/2023,19:51:37
41.859039,-71.188278,292.7,1/22/2023,19:51:38
41.8586,-71.187103,294.1,1/22/2023,19:51:40
41.858234,-71.185882,295.5,1/22/2023,19:51:42
41.858074,-71.185264,295.9,1/22/2023,19:51:43
41.857791,-71.183998,296.4,1/22/2023,19:51:45
41.857551,-71.182716,296.6,1/22/2023,19:51:47
41.85744,-71.182075,296.7,1/22/2023,19:51:48
41.857246,-71.180778,297.6,1/22/2023,19:51:50
41.857063,-71.179473,298,1/22/2023,19:51:52
41.856983,-71.178817,297.8,1/22/2023,19:51:53
41.85683,-71.17752,298.1,1/22/2023,19:51:55
41.856685,-71.176223,298.5,1/22/2023,19:51:57
41.856609,-71.175567,298.8,1/22/2023,19:51:58
41.856452,-71.17427,299.6,1/22/2023,19:52:00
41.856277,-71.172981,299.5,1/22/2023,19:52:02
41.856174,-71.17234,299.7,1/22/2023,19:52:03
41.855945,-71.171058,297.6,1/22/2023,19:52:05
41.855663,-71.169807,297.1,1/22/2023,19:52:07
41.855499,-71.169189,297,1/22/2023,19:52:08
41.855129,-71.167991,298.1,1/22/2023,19:52:10
41.854701,-71.166831,299.6,1/22/2023,19:52:12
41.854465,-71.166275,299.9,1/22/2023,19:52:13
41.853946,-71.165191,300.4,1/22/2023,19:52:15
41.85337,-71.164176,300.7,1/22/2023,19:52:17
41.853057,-71.163703,300.7,1/22/2023,19:52:18
41.852394,-71.162803,300.5,1/22/2023,19:52:20
41.851676,-71.161987,299.9,1/22/2023,19:52:22
41.851299,-71.161613,299.5,1/22/2023,19:52:23
41.850509,-71.160942,299.9,1/22/2023,19:52:25
41.849681,-71.160377,301.9,1/22/2023,19:52:27
41.849258,-71.160133,302.5,1/22/2023,19:52:28
41.848384,-71.159729,302.4,1/22/2023,19:52:30
41.847484,-71.159431,301.2,1/22/2023,19:52:32
41.847026,-71.159332,300.6,1/22/2023,19:52:33
41.846099,-71.15921,299.6,1/22/2023,19:52:35
41.845169,-71.15921,300.4,1/22/2023,19:52:37
41.844703,-71.159255,301,1/22/2023,19:52:38
41.843784,-71.159446,301.6,1/22/2023,19:52:40
41.842887,-71.159751,301.6,1/22/2023,19:52:42
41.842449,-71.15995,301.5,1/22/2023,19:52:43
41.84159,-71.160446,302,1/22/2023,19:52:45
41.840774,-71.161071,303.4,1/22/2023,19:52:47
41.840385,-71.161415,304.1,1/22/2023,19:52:48
41.839637,-71.162185,304.4,1/22/2023,19:52:50
41.838951,-71.163055,305.2,1/22/2023,19:52:52
41.838634,-71.16352,304.7,1/22/2023,19:52:53
41.838039,-71.164527,305.1,1/22/2023,19:52:55
41.83752,-71.165611,305.5,1/22/2023,19:52:57
41.837291,-71.166183,305.7,1/22/2023,19:52:58
41.836894,-71.167388,305.7,1/22/2023,19:53:00
41.836593,-71.168647,305.4,1/22/2023,19:53:02
41.836475,-71.169296,304.9,1/22/2023,19:53:03
41.836307,-71.170631,304.3,1/22/2023,19:53:05
41.836212,-71.171989,305.6,1/22/2023,19:53:07
41.836189,-71.172668,306.8,1/22/2023,19:53:08
41.836189,-71.174026,309.7,1/22/2023,19:53:10
41.836223,-71.175376,313.3,1/22/2023,19:53:12
41.836254,-71.176048,314.2,1/22/2023,19:53:13
41.836334,-71.177391,314.9,1/22/2023,19:53:15
41.836421,-71.178733,315.1,1/22/2023,19:53:17
41.836467,-71.179412,314.9,1/22/2023,19:53:18
41.836536,-71.180763,314.1,1/22/2023,19:53:20
41.836566,-71.182113,313.4,1/22/2023,19:53:22
41.836566,-71.182785,313.4,1/22/2023,19:53:23
41.836513,-71.18412,313,1/22/2023,19:53:25
41.836391,-71.185424,312.9,1/22/2023,19:53:27
41.836303,-71.186065,312.4,1/22/2023,19:53:28
41.836063,-71.187324,310.9,1/22/2023,19:53:30
41.835727,-71.188537,309.9,1/22/2023,19:53:32
41.835525,-71.189117,309.9,1/22/2023,19:53:33
41.83506,-71.190238,311.5,1/22/2023,19:53:35
41.83451,-71.191268,312.3,1/22/2023,19:53:37
41.834209,-71.191741,312.2,1/22/2023,19:53:38
41.833549,-71.192604,311.6,1/22/2023,19:53:40
41.832832,-71.193344,311.7,1/22/2023,19:53:42
41.83245,-71.193664,311.7,1/22/2023,19:53:43
41.831653,-71.194198,312.2,1/22/2023,19:53:45
41.830821,-71.194587,312.7,1/22/2023,19:53:47
41.830398,-71.194725,312.9,1/22/2023,19:53:48
41.829536,-71.194869,313.3,1/22/2023,19:53:50
41.828678,-71.194862,313.4,1/22/2023,19:53:52
41.828266,-71.194786,311.5,1/22/2023,19:53:53
41.827434,-71.194541,310.7,1/22/2023,19:53:55
41.826625,-71.19416,312,1/22/2023,19:53:57
41.826244,-71.193916,312.1,1/22/2023,19:53:58
41.825519,-71.193321,312.8,1/22/2023,19:54:00
41.824863,-71.192596,313.7,1/22/2023,19:54:02
41.824569,-71.192192,314.3,1/22/2023,19:54:03
41.824043,-71.191291,315.1,1/22/2023,19:54:05
41.823604,-71.190307,315.9,1/22/2023,19:54:07
41.823425,-71.189781,316,1/22/2023,19:54:08
41.823146,-71.188682,316.5,1/22/2023,19:54:10
41.822982,-71.18753,317.6,1/22/2023,19:54:12
41.822944,-71.186943,317.5,1/22/2023,19:54:13
41.822937,-71.185752,315.3,1/22/2023,19:54:15
41.823074,-71.184562,315.9,1/22/2023,19:54:17
41.823184,-71.183967,316.2,1/22/2023,19:54:18
41.823455,-71.182792,317.5,1/22/2023,19:54:20
41.823787,-71.181655,322.4,1/22/2023,19:54:22
41.823978,-71.181091,324.2,1/22/2023,19:54:23
41.824386,-71.179985,326.3,1/22/2023,19:54:25
41.824821,-71.178901,328.2,1/22/2023,19:54:27
41.825046,-71.178359,328.6,1/22/2023,19:54:28
41.825496,-71.177284,328.8,1/22/2023,19:54:30
41.82595,-71.1762,327.2,1/22/2023,19:54:32
41.826175,-71.175651,326.4,1/22/2023,19:54:33
41.826618,-71.174552,325.7,1/22/2023,19:54:35
41.827053,-71.173446,325.6,1/22/2023,19:54:37
41.82727,-71.172897,325.6,1/22/2023,19:54:38
41.827697,-71.171783,325.9,1/22/2023,19:54:40
41.828121,-71.170677,326.6,1/22/2023,19:54:42
41.828334,-71.17012,326.9,1/22/2023,19:54:43
41.828758,-71.169006,327.7,1/22/2023,19:54:45
41.829174,-71.167884,328.6,1/22/2023,19:54:47
41.829383,-71.167327,328.9,1/22/2023,19:54:48
41.829799,-71.166213,329.7,1/22/2023,19:54:50
41.830215,-71.165092,329.7,1/22/2023,19:54:52
41.830421,-71.164527,329.5,1/22/2023,19:54:53
41.830833,-71.163398,328.3,1/22/2023,19:54:55
41.831245,-71.162261,327.2,1/22/2023,19:54:57
41.831451,-71.161689,326.7,1/22/2023,19:54:58
41.831859,-71.160537,325.5,1/22/2023,19:55:00
41.832267,-71.159385,324.4,1/22/2023,19:55:02
41.832473,-71.158805,323.6,1/22/2023,19:55:03
41.832881,-71.157638,321.7,1/22/2023,19:55:05
41.83329,-71.156463,319.4,1/22/2023,19:55:07
41.833488,-71.155876,319,1/22/2023,19:55:08
41.833885,-71.154693,318.9,1/22/2023,19:55:10
41.834278,-71.153503,319,1/22/2023,19:55:12
41.834472,-71.152908,318.7,1/22/2023,19:55:13
41.834854,-71.151718,317.6,1/22/2023,19:55:15
41.835235,-71.150512,316.1,1/22/2023,19:55:17
41.835422,-71.149909,315.4,1/22/2023,19:55:18
41.835796,-71.148696,314.7,1/22/2023,19:55:20
41.836166,-71.147476,314.7,1/22/2023,19:55:22
41.836349,-71.146865,315.2,1/22/2023,19:55:23
41.836715,-71.145652,316.4,1/22/2023,19:55:25
41.83707,-71.144424,315.6,1/22/2023,19:55:27
41.837242,-71.143806,315.2,1/22/2023,19:55:28
41.837566,-71.142578,314.5,1/22/2023,19:55:30
41.837848,-71.141326,313.6,1/22/2023,19:55:32
41.837966,-71.140686,312.3,1/22/2023,19:55:33
41.83815,-71.139404,310.4,1/22/2023,19:55:35
41.838256,-71.138107,309.1,1/22/2023,19:55:37
41.838272,-71.137451,308.4,1/22/2023,19:55:38
41.838226,-71.136154,307.7,1/22/2023,19:55:40
41.838073,-71.13488,308.1,1/22/2023,19:55:42
41.837959,-71.134269,308.4,1/22/2023,19:55:43
41.837642,-71.133079,309,1/22/2023,19:55:45
41.837223,-71.131965,307.8,1/22/2023,19:55:47
41.836975,-71.131439,306.6,1/22/2023,19:55:48
41.836402,-71.13047,304.7,1/22/2023,19:55:50
41.835731,-71.129623,302.7,1/22/2023,19:55:52
41.835365,-71.129257,302.5,1/22/2023,19:55:53
41.834579,-71.128631,302.1,1/22/2023,19:55:55
41.833732,-71.128181,301.5,1/22/2023,19:55:57
41.833293,-71.128021,301.1,1/22/2023,19:55:58
41.832389,-71.127838,300.9,1/22/2023,19:56:00
41.831474,-71.127845,300.2,1/22/2023,19:56:02
41.83102,-71.127922,299.8,1/22/2023,19:56:03
41.83012,-71.128219,297.9,1/22/2023,19:56:05
41.829261,-71.128723,298.7,1/22/2023,19:56:07
41.828849,-71.129035,299.3,1/22/2023,19:56:08
41.828071,-71.129791,299.8,1/22/2023,19:56:10
41.827381,-71.130699,299.2,1/22/2023,19:56:12
41.82706,-71.131202,298.6,1/22/2023,19:56:13
41.826503,-71.132316,296.3,1/22/2023,19:56:15
41.826065,-71.133552,294,1/22/2023,19:56:17
41.825893,-71.134208,292.8,1/22/2023,19:56:18
41.825645,-71.135566,293.2,1/22/2023,19:56:20
41.825542,-71.136962,295.2,1/22/2023,19:56:22
41.825546,-71.137664,296.9,1/22/2023,19:56:23
41.825664,-71.13906,299.8,1/22/2023,19:56:25
41.825912,-71.140426,300.4,1/22/2023,19:56:27
41.826084,-71.141098,300,1/22/2023,19:56:28
41.826519,-71.14241,297.6,1/22/2023,19:56:30
41.827098,-71.14363,294.9,1/22/2023,19:56:32
41.827434,-71.144203,293.9,1/22/2023,19:56:33
41.828197,-71.145248,292.7,1/22/2023,19:56:35
41.829051,-71.146156,293.3,1/22/2023,19:56:37
41.829509,-71.146553,293.8,1/22/2023,19:56:38
41.830478,-71.147216,294.2,1/22/2023,19:56:40
41.831489,-71.147712,294.1,1/22/2023,19:56:42
41.832012,-71.147895,293.9,1/22/2023,19:56:43
41.833084,-71.148101,292.3,1/22/2023,19:56:45
41.834167,-71.148124,289.8,1/22/2023,19:56:47
41.834705,-71.148056,289.1,1/22/2023,19:56:48
41.835758,-71.147796,288.8,1/22/2023,19:56:50
41.836761,-71.147346,289.3,1/22/2023,19:56:52
41.837238,-71.147064,289.4,1/22/2023,19:56:53
41.83813,-71.146369,290.9,1/22/2023,19:56:55
41.838928,-71.14553,292.1,1/22/2023,19:56:57
41.83929,-71.145065,292,1/22/2023,19:56:58
41.839927,-71.144042,290.1,1/22/2023,19:57:00
41.840438,-71.142906,288.8,1/22/2023,19:57:02
41.840648,-71.142318,288.4,1/22/2023,19:57:03
41.840953,-71.14109,288.1,1/22/2023,19:57:05
41.841102,-71.139854,289.4,1/22/2023,19:57:07
41.841129,-71.139236,289.6,1/22/2023,19:57:08
41.841083,-71.138008,289,1/22/2023,19:57:10
41.840896,-71.136825,288.6,1/22/2023,19:57:12
41.840755,-71.136253,288.1,1/22/2023,19:57:13
41.840381,-71.135177,287.6,1/22/2023,19:57:15
41.839885,-71.134201,287.1,1/22/2023,19:57:17
41.839599,-71.133766,286.9,1/22/2023,19:57:18
41.838947,-71.132995,287.4,1/22/2023,19:57:20
41.838214,-71.132377,287.8,1/22/2023,19:57:22
41.837825,-71.132133,288.2,1/22/2023,19:57:23
41.837009,-71.131782,288.5,1/22/2023,19:57:25
41.836154,-71.131614,288.9,1/22/2023,19:57:27
41.835723,-71.131607,288.6,1/22/2023,19:57:28
41.834854,-71.131721,287.3,1/22/2023,19:57:30
41.834007,-71.132034,285.1,1/22/2023,19:57:32
41.833591,-71.132263,285,1/22/2023,19:57:33
41.832798,-71.13285,285.5,1/22/2023,19:57:35
41.83208,-71.133605,286.4,1/22/2023,19:57:37
41.831756,-71.13404,285.5,1/22/2023,19:57:38
41.831172,-71.135017,284.2,1/22/2023,19:57:40
41.830692,-71.136123,282.2,1/22/2023,19:57:42
41.830497,-71.136711,281.1,1/22/2023,19:57:43
41.830211,-71.137969,280.8,1/22/2023,19:57:45
41.830051,-71.139274,283.6,1/22/2023,19:57:47
41.830024,-71.139938,284.7,1/22/2023,19:57:48
41.830085,-71.141273,287.2,1/22/2023,19:57:50
41.830291,-71.142593,288.1,1/22/2023,19:57:52
41.83044,-71.143241,287.6,1/22/2023,19:57:53
41.830833,-71.144508,285.5,1/22/2023,19:57:55
41.831367,-71.145713,283,1/22/2023,19:57:57
41.83168,-71.146278,282.3,1/22/2023,19:57:58
41.832401,-71.147315,281.7,1/22/2023,19:58:00
41.833221,-71.148216,282,1/22/2023,19:58:02
41.833663,-71.148605,282.4,1/22/2023,19:58:03
41.834602,-71.149253,283.7,1/22/2023,19:58:05
41.83559,-71.149749,284.4,1/22/2023,19:58:07
41.836097,-71.149925,284.3,1/22/2023,19:58:08
41.837135,-71.150146,282.3,1/22/2023,19:58:10
41.838195,-71.150184,279.6,1/22/2023,19:58:12
41.838722,-71.150131,278.9,1/22/2023,19:58:13
41.839759,-71.149894,278.9,1/22/2023,19:58:15
41.840744,-71.149467,281.8,1/22/2023,19:58:17
41.841209,-71.149192,283.3,1/22/2023,19:58:18
41.842082,-71.148529,285.2,1/22/2023,19:58:20
41.84288,-71.147727,285,1/22/2023,19:58:22
41.843242,-71.147277,284.2,1/22/2023,19:58:23
41.843883,-71.146278,282.9,1/22/2023,19:58:25
41.844429,-71.145195,283.8,1/22/2023,19:58:27
41.844669,-71.14463,284.7,1/22/2023,19:58:28
41.845092,-71.143493,288.9,1/22/2023,19:58:30
41.845458,-71.142349,292.5,1/22/2023,19:58:32
41.845623,-71.141769,293.8,1/22/2023,19:58:33
41.84592,-71.140609,294.4,1/22/2023,19:58:35
41.846187,-71.139442,293.7,1/22/2023,19:58:37
41.846313,-71.138854,293.1,1/22/2023,19:58:38
41.846546,-71.137664,292.2,1/22/2023,19:58:40
41.846755,-71.136474,292.9,1/22/2023,19:58:42
41.846855,-71.135879,293.8,1/22/2023,19:58:43
41.847045,-71.134696,294.9,1/22/2023,19:58:45
41.847229,-71.133522,296.4,1/22/2023,19:58:47
41.847316,-71.132934,297.1,1/22/2023,19:58:48
41.847488,-71.131752,297.5,1/22/2023,19:58:50
41.847652,-71.130577,297.2,1/22/2023,19:58:52
41.847732,-71.129981,297.3,1/22/2023,19:58:53
41.847888,-71.128791,297.9,1/22/2023,19:58:55
41.848037,-71.127601,299,1/22/2023,19:58:57
41.84811,-71.127014,299.8,1/22/2023,19:58:58
41.848247,-71.125831,300.7,1/22/2023,19:59:00
41.848377,-71.124641,300.4,1/22/2023,19:59:02
41.848438,-71.124046,299.8,1/22/2023,19:59:03
41.848552,-71.122856,299.2,1/22/2023,19:59:05
41.848659,-71.12165,298.7,1/22/2023,19:59:07
41.848709,-71.121055,298.9,1/22/2023,19:59:08
41.848808,-71.119857,299.4,1/22/2023,19:59:10
41.848892,-71.118667,300.7,1/22/2023,19:59:12
41.84893,-71.118072,301.3,1/22/2023,19:59:13
41.848999,-71.116882,301.9,1/22/2023,19:59:15
41.849056,-71.115692,302,1/22/2023,19:59:17
41.849082,-71.115097,301.7,1/22/2023,19:59:18
41.849124,-71.113899,300.5,1/22/2023,19:59:20
41.849151,-71.112701,300.2,1/22/2023,19:59:22
41.849163,-71.112098,300,1/22/2023,19:59:23
41.849178,-71.110885,299.5,1/22/2023,19:59:25
41.849182,-71.109672,299.3,1/22/2023,19:59:27
41.849182,-71.109069,299.3,1/22/2023,19:59:28
41.849174,-71.107849,298.6,1/22/2023,19:59:30
41.849151,-71.106636,298.9,1/22/2023,19:59:32
41.849136,-71.106025,298.4,1/22/2023,19:59:33
41.849098,-71.104804,297.8,1/22/2023,19:59:35
41.849052,-71.103591,297.9,1/22/2023,19:59:37
41.849029,-71.102981,297.7,1/22/2023,19:59:38
41.848976,-71.101768,297.1,1/22/2023,19:59:40
41.848915,-71.100555,297.2,1/22/2023,19:59:42
41.84885,-71.099357,297.3,1/22/2023,19:59:44
41.848781,-71.098159,297.4,1/22/2023,19:59:46
41.848709,-71.096961,297.2,1/22/2023,19:59:48
41.848632,-71.095764,297.2,1/22/2023,19:59:50
41.848548,-71.094566,297,1/22/2023,19:59:52
41.848506,-71.093971,296.5,1/22/2023,19:59:53
41.848419,-71.092773,295.2,1/22/2023,19:59:55
41.848331,-71.091575,292.9,1/22/2023,19:59:57
41.848239,-71.090377,291.2,1/22/2023,19:59:59
41.848152,-71.089179,291.6,1/22/2023,20:00:01
41.848056,-71.087989,293.1,1/22/2023,20:00:03
41.847961,-71.086807,293.6,1/22/2023,20:00:05
41.847866,-71.085632,294.4,1/22/2023,20:00:07
41.84782,-71.085037,294.3,1/22/2023,20:00:08
41.847724,-71.083854,293.3,1/22/2023,20:00:10
41.847625,-71.082672,292.5,1/22/2023,20:00:12
41.847522,-71.081481,291.8,1/22/2023,20:00:14
41.847412,-71.080299,292.2,1/22/2023,20:00:16
41.847297,-71.079109,291.6,1/22/2023,20:00:18
41.847179,-71.077926,291.1,1/22/2023,20:00:20
41.847072,-71.076736,289.5,1/22/2023,20:00:22
41.847019,-71.076148,288.6,1/22/2023,20:00:23
41.846923,-71.074958,288.3,1/22/2023,20:00:25
41.846832,-71.073776,289,1/22/2023,20:00:27
41.846755,-71.072578,289.1,1/22/2023,20:00:29
41.846679,-71.071395,289.9,1/22/2023,20:00:31
41.846607,-71.070205,290.7,1/22/2023,20:00:33
41.846534,-71.069007,291,1/22/2023,20:00:35
41.846454,-71.067825,289.9,1/22/2023,20:00:37
41.846412,-71.06723,290,1/22/2023,20:00:38
41.846324,-71.06604,289.3,1/22/2023,20:00:40
41.846233,-71.064857,290.7,1/22/2023,20:00:42
41.846138,-71.063674,291,1/22/2023,20:00:44
41.846035,-71.062492,290.7,1/22/2023,20:00:46
41.845916,-71.061302,290.1,1/22/2023,20:00:48
41.845783,-71.060119,289.9,1/22/2023,20:00:50
41.845638,-71.058944,290.6,1/22/2023,20:00:52
41.845558,-71.058357,290.5,1/22/2023,20:00:53
41.845386,-71.057189,290.6,1/22/2023,20:00:55
41.845199,-71.056022,290.7,1/22/2023,20:00:57
41.845008,-71.054855,290.5,1/22/2023,20:00:59
41.844802,-71.053703,290.2,1/22/2023,20:01:01
41.844585,-71.052551,290.4,1/22/2023,20:01:03
41.84436,-71.051406,290.3,1/22/2023,20:01:05
41.844123,-71.05027,290.6,1/22/2023,20:01:07
41.844005,-71.049697,290.8,1/22/2023,20:01:08
41.843761,-71.048568,290.6,1/22/2023,20:01:10
41.843528,-71.047431,291.1,1/22/2023,20:01:12
41.843299,-71.046302,290.8,1/22/2023,20:01:14
41.843059,-71.045181,289.9,1/22/2023,20:01:16
41.8428,-71.044067,288.1,1/22/2023,20:01:18
41.842525,-71.042961,286.8,1/22/2023,20:01:20
41.842201,-71.041893,285.4,1/22/2023,20:01:22
41.842018,-71.041374,284.9,1/22/2023,20:01:23
41.841613,-71.040359,284.8,1/22/2023,20:01:25
41.841159,-71.039413,286,1/22/2023,20:01:27
41.840648,-71.038551,287.2,1/22/2023,20:01:29
41.840106,-71.03775,287.6,1/22/2023,20:01:31
41.839553,-71.036979,288.3,1/22/2023,20:01:33
41.838989,-71.036247,289,1/22/2023,20:01:35
41.838424,-71.03553,289.5,1/22/2023,20:01:37
41.83815,-71.035163,288.3,1/22/2023,20:01:38
41.837604,-71.034408,285.4,1/22/2023,20:01:40
41.83707,-71.033622,282.1,1/22/2023,20:01:42
41.83654,-71.032814,278.7,1/22/2023,20:01:44
41.836009,-71.031974,274.7,1/22/2023,20:01:46
41.835575,-71.031013,268.1,1/22/2023,20:01:48
41.835315,-71.029899,265.5,1/22/2023,20:01:50
41.835273,-71.028671,257.4,1/22/2023,20:01:52
41.835327,-71.028045,249.3,1/22/2023,20:01:53
41.835578,-71.026786,244.8,1/22/2023,20:01:55
41.836009,-71.025596,245.5,1/22/2023,20:01:57
41.836593,-71.024528,248.5,1/22/2023,20:01:59
41.837287,-71.023635,258.4,1/22/2023,20:02:01
41.838066,-71.022911,266.7,1/22/2023,20:02:03
41.838912,-71.022377,271.1,1/22/2023,20:02:05
41.839805,-71.022018,277,1/22/2023,20:02:07
41.84027,-71.021911,277,1/22/2023,20:02:08
41.841217,-71.021835,276.5,1/22/2023,20:02:10
41.842174,-71.021972,274.3,1/22/2023,20:02:12
41.843124,-71.022308,271.6,1/22/2023,20:02:14
41.844051,-71.022834,270.1,1/22/2023,20:02:16
41.844928,-71.023521,268.4,1/22/2023,20:02:18
41.845344,-71.023925,268.1,1/22/2023,20:02:19
41.846103,-71.024848,268.8,1/22/2023,20:02:21
41.846755,-71.025894,272.4,1/22/2023,20:02:23
41.847282,-71.02703,276.6,1/22/2023,20:02:25
41.847671,-71.028228,282.2,1/22/2023,20:02:27
41.847919,-71.029464,287.4,1/22/2023,20:02:29
41.848033,-71.0307,289.8,1/22/2023,20:02:31
41.848014,-71.031929,293.2,1/22/2023,20:02:33
41.847961,-71.032531,294.5,1/22/2023,20:02:34
41.847751,-71.033699,294.7,1/22/2023,20:02:36
41.847423,-71.034805,295.2,1/22/2023,20:02:38
41.847,-71.035827,296.9,1/22/2023,20:02:40
41.8465,-71.036758,299.7,1/22/2023,20:02:42
41.845935,-71.03759,303.5,1/22/2023,20:02:44
41.845321,-71.038322,305.3,1/22/2023,20:02:46
41.844654,-71.038925,309.1,1/22/2023,20:02:48
41.844306,-71.039192,312.2,1/22/2023,20:02:49
41.843589,-71.039634,315.2,1/22/2023,20:02:51
41.842849,-71.03997,317.6,1/22/2023,20:02:53
41.84209,-71.040206,319.4,1/22/2023,20:02:55
41.841316,-71.040344,321.2,1/22/2023,20:02:57
41.840538,-71.040382,321.9,1/22/2023,20:02:59
41.839756,-71.040321,322,1/22/2023,20:03:01
41.838981,-71.040161,322,1/22/2023,20:03:03
41.838596,-71.040046,322.7,1/22/2023,20:03:04
41.837833,-71.039764,323.2,1/22/2023,20:03:06
41.837085,-71.03939,323.3,1/22/2023,20:03:08
41.836364,-71.038902,323.9,1/22/2023,20:03:10
41.835689,-71.038337,327.6,1/22/2023,20:03:12
41.835063,-71.037689,332.7,1/22/2023,20:03:14
41.834491,-71.036972,335.3,1/22/2023,20:03:16
41.833976,-71.036201,341.2,1/22/2023,20:03:18
41.833736,-71.035797,346.5,1/22/2023,20:03:19
41.833278,-71.034965,348.7,1/22/2023,20:03:21
41.832828,-71.034103,347.4,1/22/2023,20:03:23
41.832389,-71.03321,344.8,1/22/2023,20:03:25
41.831935,-71.032302,345.6,1/22/2023,20:03:27
41.831489,-71.031379,347.7,1/22/2023,20:03:29
41.831062,-71.030456,349.8,1/22/2023,20:03:31
41.830642,-71.029541,354.3,1/22/2023,20:03:33
41.830432,-71.029083,358.8,1/22/2023,20:03:34
41.830024,-71.028167,361,1/22/2023,20:03:36
41.829616,-71.027236,361.8,1/22/2023,20:03:38
41.8292,-71.026298,361.4,1/22/2023,20:03:40
41.828781,-71.025352,362,1/22/2023,20:03:42
41.828384,-71.024383,363.2,1/22/2023,20:03:44
41.828025,-71.023376,364.7,1/22/2023,20:03:46
41.827716,-71.022346,368.5,1/22/2023,20:03:48
41.827587,-71.02182,373,1/22/2023,20:03:49
41.827381,-71.020751,377.7,1/22/2023,20:03:51
41.827255,-71.019668,382.7,1/22/2023,20:03:53
41.827228,-71.018554,386,1/22/2023,20:03:55
41.827293,-71.01744,387.8,1/22/2023,20:03:57
41.827434,-71.016319,387.6,1/22/2023,20:03:59
41.827659,-71.015205,387.1,1/22/2023,20:04:01
41.827964,-71.014091,386.1,1/22/2023,20:04:03
41.82814,-71.013542,385.5,1/22/2023,20:04:04
41.828529,-71.012451,387.1,1/22/2023,20:04:06
41.828979,-71.011398,389,1/22/2023,20:04:08
41.829494,-71.010383,389.6,1/22/2023,20:04:10
41.830078,-71.009422,389.6,1/22/2023,20:04:12
41.830734,-71.008522,389.1,1/22/2023,20:04:14
41.831459,-71.007698,389,1/22/2023,20:04:16
41.832248,-71.006958,389.3,1/22/2023,20:04:18
41.832664,-71.006622,390.2,1/22/2023,20:04:19
41.833534,-71.006034,391.7,1/22/2023,20:04:21
41.834445,-71.005577,394.7,1/22/2023,20:04:23
41.835391,-71.005241,396.5,1/22/2023,20:04:25
41.836364,-71.005035,396.3,1/22/2023,20:04:27
41.83736,-71.004951,394.9,1/22/2023,20:04:29
41.838371,-71.005004,393.6,1/22/2023,20:04:31
41.839385,-71.005203,391.5,1/22/2023,20:04:33
41.839889,-71.005355,389.9,1/22/2023,20:04:34
41.840881,-71.005752,389,1/22/2023,20:04:36
41.84185,-71.006286,387.2,1/22/2023,20:04:38
41.842781,-71.006942,384.5,1/22/2023,20:04:40
41.843673,-71.007713,380.6,1/22/2023,20:04:42
41.844524,-71.008605,375.1,1/22/2023,20:04:44
41.845317,-71.009605,372.4,1/22/2023,20:04:46
41.846042,-71.010719,368.3,1/22/2023,20:04:48
41.846374,-71.011299,365.6,1/22/2023,20:04:49
41.846961,-71.012527,365.7,1/22/2023,20:04:51
41.847457,-71.013801,366.5,1/22/2023,20:04:53
41.847854,-71.015113,367,1/22/2023,20:04:55
41.848152,-71.016456,366.8,1/22/2023,20:04:57
41.848354,-71.017807,365.2,1/22/2023,20:04:59
41.848457,-71.019172,363.9,1/22/2023,20:05:01
41.848457,-71.020538,361.3,1/22/2023,20:05:03
41.848415,-71.021209,360.2,1/22/2023,20:05:04
41.848251,-71.022529,360.4,1/22/2023,20:05:06
41.847991,-71.023788,360.9,1/22/2023,20:05:08
41.84764,-71.024978,362.1,1/22/2023,20:05:10
41.847206,-71.026077,363.1,1/22/2023,20:05:12
41.846691,-71.027084,363.3,1/22/2023,20:05:14
41.846107,-71.027999,362.9,1/22/2023,20:05:16
41.845451,-71.028808,361.9,1/22/2023,20:05:18
41.845104,-71.029174,360.6,1/22/2023,20:05:19
41.84436,-71.0298,360.5,1/22/2023,20:05:21
41.843574,-71.030296,361.9,1/22/2023,20:05:23
41.842765,-71.030639,363.5,1/22/2023,20:05:25
41.841941,-71.030845,365.6,1/22/2023,20:05:27
41.841121,-71.030914,367.1,1/22/2023,20:05:29
41.840309,-71.030853,367.3,1/22/2023,20:05:31
41.839511,-71.030647,366.1,1/22/2023,20:05:33
41.839118,-71.030494,362.5,1/22/2023,20:05:34
41.838356,-71.03009,359.7,1/22/2023,20:05:36
41.837635,-71.029556,358.4,1/22/2023,20:05:38
41.836978,-71.028892,358.7,1/22/2023,20:05:40
41.836391,-71.028121,360.9,1/22/2023,20:05:42
41.835891,-71.027252,363.5,1/22/2023,20:05:44
41.835479,-71.026306,364.5,1/22/2023,20:05:46
41.835151,-71.025291,365.3,1/22/2023,20:05:48
41.835014,-71.024749,363.1,1/22/2023,20:05:49
41.834815,-71.023628,359.6,1/22/2023,20:05:51
41.83472,-71.022453,357.5,1/22/2023,20:05:53
41.834739,-71.021247,358,1/22/2023,20:05:55
41.834873,-71.02005,359.9,1/22/2023,20:05:57
41.835117,-71.018875,362.9,1/22/2023,20:05:59
41.835468,-71.017745,363.8,1/22/2023,20:06:01
41.835914,-71.016647,363.8,1/22/2023,20:06:03
41.836177,-71.016113,361.4,1/22/2023,20:06:04
41.836772,-71.015083,358.2,1/22/2023,20:06:06
41.837459,-71.014122,357.1,1/22/2023,20:06:08
41.838226,-71.013267,359.1,1/22/2023,20:06:10
41.839057,-71.012512,361.1,1/22/2023,20:06:12
41.83995,-71.011878,362.2,1/22/2023,20:06:14
41.840888,-71.011367,362.6,1/22/2023,20:06:16
41.841873,-71.010955,361.1,1/22/2023,20:06:18
41.842384,-71.010803,357.9,1/22/2023,20:06:19
41.843429,-71.010612,356.1,1/22/2023,20:06:21
41.84449,-71.010566,357.2,1/22/2023,20:06:23
41.84555,-71.010673,359.6,1/22/2023,20:06:25
41.846591,-71.010917,362.3,1/22/2023,20:06:27
41.847602,-71.011299,363.9,1/22/2023,20:06:29
41.848579,-71.011802,363.9,1/22/2023,20:06:31
41.849517,-71.012435,362.2,1/22/2023,20:06:33
41.849967,-71.012809,359.8,1/22/2023,20:06:34
41.85083,-71.013633,358.8,1/22/2023,20:06:36
41.851623,-71.014564,359.4,1/22/2023,20:06:38
41.85234,-71.015594,360.2,1/22/2023,20:06:40
41.852966,-71.0167,361.8,1/22/2023,20:06:42
41.8535,-71.01786,363.5,1/22/2023,20:06:44
41.853939,-71.019073,363.8,1/22/2023,20:06:46
41.854286,-71.020332,363.1,1/22/2023,20:06:48
41.854423,-71.020973,360.9,1/22/2023,20:06:49
41.854629,-71.02227,358.7,1/22/2023,20:06:51
41.854728,-71.023574,358.3,1/22/2023,20:06:53
41.854721,-71.024864,359.3,1/22/2023,20:06:55
41.854606,-71.026115,360.8,1/22/2023,20:06:57
41.854396,-71.02732,361.6,1/22/2023,20:06:59
41.854091,-71.028465,362.1,1/22/2023,20:07:01
41.853698,-71.029533,362.9,1/22/2023,20:07:03
41.853469,-71.030036,362.7,1/22/2023,20:07:04
41.852958,-71.030967,362.4,1/22/2023,20:07:06
41.852375,-71.031806,361.8,1/22/2023,20:07:08
41.85173,-71.032539,360.8,1/22/2023,20:07:10
41.851024,-71.033157,360.4,1/22/2023,20:07:12
41.850276,-71.033638,360.6,1/22/2023,20:07:14
41.849494,-71.033981,360.7,1/22/2023,20:07:16
41.848693,-71.034187,361.3,1/22/2023,20:07:18
41.848293,-71.034233,362.2,1/22/2023,20:07:19
41.847496,-71.034225,362.7,1/22/2023,20:07:21
41.846717,-71.03408,362.7,1/22/2023,20:07:23
41.845962,-71.033805,363,1/22/2023,20:07:25
41.845237,-71.033393,362,1/22/2023,20:07:27
41.844558,-71.032859,360.6,1/22/2023,20:07:29
41.843914,-71.032249,360.8,1/22/2023,20:07:31
41.843284,-71.031623,362.8,1/22/2023,20:07:33
41.842971,-71.031318,366.1,1/22/2023,20:07:34
41.842327,-71.030746,368.2,1/22/2023,20:07:36
41.841651,-71.03025,367.3,1/22/2023,20:07:38
41.840923,-71.029861,363.3,1/22/2023,20:07:40
41.840145,-71.029609,358.2,1/22/2023,20:07:42
41.839324,-71.029533,354.2,1/22/2023,20:07:44
41.838497,-71.029685,354,1/22/2023,20:07:46
41.837699,-71.030059,354.7,1/22/2023,20:07:48
41.837326,-71.030326,355.3,1/22/2023,20:07:49
41.836639,-71.031021,355.4,1/22/2023,20:07:51
41.836059,-71.031921,354.6,1/22/2023,20:07:53
41.83562,-71.032997,353.6,1/22/2023,20:07:55
41.835357,-71.034202,353.1,1/22/2023,20:07:57
41.8353,-71.035484,353.8,1/22/2023,20:07:59
41.835472,-71.036781,354.6,1/22/2023,20:08:01
41.835845,-71.038024,356.2,1/22/2023,20:08:03
41.836109,-71.038612,355.1,1/22/2023,20:08:04
41.836784,-71.039665,353.4,1/22/2023,20:08:06
41.837623,-71.040496,354.6,1/22/2023,20:08:08
41.838577,-71.041069,355.2,1/22/2023,20:08:10
41.839599,-71.041358,355.5,1/22/2023,20:08:12
41.840637,-71.041358,354.7,1/22/2023,20:08:14
41.84164,-71.041069,353.7,1/22/2023,20:08:16
41.842559,-71.040512,351.5,1/22/2023,20:08:18
41.842975,-71.040145,349.2,1/22/2023,20:08:19
41.843685,-71.039253,347.4,1/22/2023,20:08:21
41.8442,-71.038185,346.3,1/22/2023,20:08:23
41.844493,-71.037017,345,1/22/2023,20:08:25
41.844558,-71.03582,342.8,1/22/2023,20:08:27
41.844383,-71.034667,341.5,1/22/2023,20:08:29
41.84399,-71.03366,341.4,1/22/2023,20:08:31
41.843418,-71.032852,341.5,1/22/2023,20:08:33
41.843078,-71.032539,341.6,1/22/2023,20:08:34
41.842323,-71.032142,342.9,1/22/2023,20:08:36
41.841518,-71.032058,345,1/22/2023,20:08:38
41.840732,-71.03231,347.7,1/22/2023,20:08:40
41.840026,-71.032867,349.9,1/22/2023,20:08:42
41.83945,-71.033683,351,1/22/2023,20:08:44
41.839061,-71.034721,351.3,1/22/2023,20:08:46
41.838882,-71.035903,350.3,1/22/2023,20:08:48
41.838882,-71.036521,347,1/22/2023,20:08:49
41.839073,-71.037773,345.3,1/22/2023,20:08:51
41.839523,-71.038955,345.5,1/22/2023,20:08:53
41.840183,-71.03997,345.9,1/22/2023,20:08:55
41.841011,-71.04074,348.8,1/22/2023,20:08:57
41.841945,-71.041229,351.1,1/22/2023,20:08:59
41.842929,-71.041389,351.8,1/22/2023,20:09:01
41.843898,-71.041229,352.4,1/22/2023,20:09:03
41.844352,-71.04103,352.7,1/22/2023,20:09:04
41.845161,-71.040412,353.5,1/22/2023,20:09:06
41.845794,-71.039566,355.2,1/22/2023,20:09:08
41.84621,-71.038566,356.5,1/22/2023,20:09:10
41.846393,-71.037498,356.5,1/22/2023,20:09:12
41.846324,-71.036453,355.6,1/22/2023,20:09:14
41.846012,-71.03553,356.3,1/22/2023,20:09:16
41.845508,-71.034812,356.5,1/22/2023,20:09:18
41.845199,-71.034561,356.3,1/22/2023,20:09:19
41.844501,-71.034317,357.6,1/22/2023,20:09:21
41.843788,-71.034408,358.2,1/22/2023,20:09:23
41.84312,-71.034835,357,1/22/2023,20:09:25
41.842571,-71.035568,357.2,1/22/2023,20:09:27
41.842216,-71.036544,358.2,1/22/2023,20:09:29
41.84209,-71.037651,358.1,1/22/2023,20:09:31
41.842227,-71.038803,358.7,1/22/2023,20:09:33
41.842399,-71.03936,358.2,1/22/2023,20:09:34
41.842914,-71.04039,356.8,1/22/2023,20:09:36
41.843631,-71.041221,353.7,1/22/2023,20:09:38
41.844509,-71.041778,352.8,1/22/2023,20:09:40
41.845443,-71.042037,357.4,1/22/2023,20:09:42
41.846366,-71.042106,366.8,1/22/2023,20:09:44
41.847255,-71.042076,371.7,1/22/2023,20:09:46
41.848129,-71.04203,379.4,1/22/2023,20:09:48
41.848571,-71.042015,379.3,1/22/2023,20:09:49
41.84946,-71.042015,378.4,1/22/2023,20:09:51
41.850372,-71.042098,373.9,1/22/2023,20:09:53
41.851303,-71.042282,369.9,1/22/2023,20:09:55
41.852226,-71.04261,367.8,1/22/2023,20:09:57
41.853118,-71.043098,367.9,1/22/2023,20:09:59
41.85395,-71.043739,368.8,1/22/2023,20:10:01
41.854709,-71.044517,369.7,1/22/2023,20:10:03
41.85506,-71.044952,368.8,1/22/2023,20:10:04
41.855686,-71.045936,367.1,1/22/2023,20:10:06
41.856197,-71.047035,364.9,1/22/2023,20:10:08
41.856575,-71.048217,363.5,1/22/2023,20:10:10
41.856792,-71.049453,364.2,1/22/2023,20:10:12
41.856853,-71.050697,363.9,1/22/2023,20:10:14
41.856746,-71.05191,363.4,1/22/2023,20:10:16
41.856479,-71.053054,363.6,1/22/2023,20:10:18
41.856292,-71.053581,364.8,1/22/2023,20:10:19
41.855823,-71.054542,365.1,1/22/2023,20:10:21
41.855239,-71.055343,364.6,1/22/2023,20:10:23
41.854557,-71.055969,363.5,1/22/2023,20:10:25
41.853809,-71.056388,362.9,1/22/2023,20:10:27
41.853027,-71.056571,363.1,1/22/2023,20:10:29
41.852245,-71.056533,363.2,1/22/2023,20:10:31
41.851497,-71.056266,363.3,1/22/2023,20:10:33
41.851142,-71.056053,363.4,1/22/2023,20:10:34
41.850494,-71.05548,362.3,1/22/2023,20:10:36
41.849945,-71.054725,360.6,1/22/2023,20:10:38
41.849521,-71.053817,360,1/22/2023,20:10:40
41.84925,-71.052795,360.3,1/22/2023,20:10:42
41.84914,-71.051704,360.2,1/22/2023,20:10:44
41.849212,-71.050575,360,1/22/2023,20:10:46
41.849472,-71.049453,359.4,1/22/2023,20:10:48
41.84967,-71.048919,357.5,1/22/2023,20:10:49
41.850212,-71.047912,356.2,1/22/2023,20:10:51
41.85091,-71.047065,357.3,1/22/2023,20:10:53
41.851737,-71.046409,359.8,1/22/2023,20:10:55
41.852649,-71.045997,361.3,1/22/2023,20:10:57
41.853622,-71.045814,361.1,1/22/2023,20:10:59
41.85461,-71.045913,360.4,1/22/2023,20:11:01
41.855583,-71.046302,356.8,1/22/2023,20:11:03
41.856037,-71.046607,352.7,1/22/2023,20:11:04
41.856845,-71.047431,351.3,1/22/2023,20:11:06
41.857475,-71.048446,354.9,1/22/2023,20:11:08
41.857894,-71.049583,361.6,1/22/2023,20:11:10
41.858119,-71.050758,364.2,1/22/2023,20:11:12
41.858169,-71.051956,360.9,1/22/2023,20:11:14
41.858032,-71.053123,359.4,1/22/2023,20:11:16
41.857711,-71.054191,356.7,1/22/2023,20:11:18
41.85749,-71.054672,357.4,1/22/2023,20:11:19
41.856952,-71.055473,360.1,1/22/2023,20:11:21
41.856311,-71.056076,362.2,1/22/2023,20:11:23
41.855602,-71.056465,362,1/22/2023,20:11:25
41.854843,-71.056632,358.7,1/22/2023,20:11:27
41.854072,-71.056571,355.8,1/22/2023,20:11:29
41.853328,-71.056282,355.1,1/22/2023,20:11:31
41.852664,-71.055763,356.3,1/22/2023,20:11:33
41.852375,-71.055442,358.8,1/22/2023,20:11:34
41.85189,-71.054664,361.5,1/22/2023,20:11:36
41.851539,-71.053756,361.7,1/22/2023,20:11:38
41.851333,-71.052742,359.6,1/22/2023,20:11:40
41.851295,-71.051658,357.2,1/22/2023,20:11:42
41.851432,-71.050544,356.8,1/22/2023,20:11:44
41.851749,-71.049476,357.4,1/22/2023,20:11:46
41.852237,-71.048492,359.1,1/22/2023,20:11:48
41.852535,-71.048042,361.2,1/22/2023,20:11:49
41.853229,-71.047264,360.6,1/22/2023,20:11:51
41.854034,-71.046653,359.5,1/22/2023,20:11:53
41.854934,-71.046234,357.1,1/22/2023,20:11:55
41.855899,-71.046043,355.6,1/22/2023,20:11:57
41.856887,-71.046089,355.2,1/22/2023,20:11:59
41.857837,-71.046394,355.6,1/22/2023,20:12:01
41.858715,-71.046951,357.9,1/22/2023,20:12:03
41.859115,-71.047302,359.6,1/22/2023,20:12:04
41.859825,-71.048141,360.4,1/22/2023,20:12:06
41.860382,-71.049148,359.9,1/22/2023,20:12:08
41.860767,-71.05027,358.8,1/22/2023,20:12:10
41.86095,-71.051445,358.4,1/22/2023,20:12:12
41.860939,-71.052619,358.2,1/22/2023,20:12:14
41.86074,-71.053726,358.5,1/22/2023,20:12:16
41.860385,-71.05471,361.2,1/22/2023,20:12:18
41.860153,-71.055137,362.6,1/22/2023,20:12:19
41.859611,-71.05587,364.1,1/22/2023,20:12:21
41.858985,-71.056411,365.1,1/22/2023,20:12:23
41.858306,-71.056755,364.6,1/22/2023,20:12:25
41.857604,-71.05693,364.3,1/22/2023,20:12:27
41.856895,-71.056976,365.3,1/22/2023,20:12:29
41.856201,-71.0569,366.2,1/22/2023,20:12:31
41.855529,-71.056732,369.1,1/22/2023,20:12:33
41.855201,-71.056625,371.7,1/22/2023,20:12:34
41.854549,-71.056373,372.3,1/22/2023,20:12:36
41.853904,-71.056091,372.2,1/22/2023,20:12:38
41.85326,-71.055778,371.9,1/22/2023,20:12:40
41.852619,-71.05545,372.9,1/22/2023,20:12:42
41.851985,-71.055107,374.7,1/22/2023,20:12:44
41.851371,-71.054733,376,1/22/2023,20:12:46
41.850765,-71.054359,379,1/22/2023,20:12:48
41.850463,-71.054168,382.1,1/22/2023,20:12:49
41.849864,-71.053794,382.3,1/22/2023,20:12:51
41.849254,-71.05339,378.8,1/22/2023,20:12:53
41.848632,-71.052955,373.9,1/22/2023,20:12:55
41.847995,-71.052513,372.9,1/22/2023,20:12:57
41.847351,-71.052062,373.1,1/22/2023,20:12:59
41.846714,-71.051612,373.5,1/22/2023,20:13:01
41.846073,-71.051147,371.7,1/22/2023,20:13:03
41.845745,-71.050926,370.7,1/22/2023,20:13:04
41.845088,-71.05046,368.9,1/22/2023,20:13:06
41.844425,-71.049972,366.1,1/22/2023,20:13:08
41.843753,-71.049476,365.3,1/22/2023,20:13:10
41.843093,-71.04895,364.5,1/22/2023,20:13:12
41.842437,-71.0484,362.5,1/22/2023,20:13:14
41.841785,-71.047828,360.9,1/22/2023,20:13:16
41.841129,-71.047264,358.4,1/22/2023,20:13:18
41.840801,-71.046981,357,1/22/2023,20:13:19
41.840133,-71.046432,355.8,1/22/2023,20:13:21
41.839458,-71.045875,353.1,1/22/2023,20:13:23
41.838779,-71.045326,351.7,1/22/2023,20:13:25
41.838096,-71.044776,351.8,1/22/2023,20:13:27
41.837409,-71.044235,352.7,1/22/2023,20:13:29
41.836723,-71.043685,353.7,1/22/2023,20:13:31
41.83604,-71.043151,356.7,1/22/2023,20:13:33
41.835704,-71.042877,361.3,1/22/2023,20:13:34
41.835048,-71.042343,367,1/22/2023,20:13:36
41.834388,-71.041862,373.2,1/22/2023,20:13:38
41.833713,-71.041481,378.3,1/22/2023,20:13:40
41.833003,-71.041229,380.3,1/22/2023,20:13:42
41.832263,-71.041122,379.5,1/22/2023,20:13:44
41.831501,-71.041168,378.6,1/22/2023,20:13:46
41.830738,-71.041366,376.9,1/22/2023,20:13:48
41.83036,-71.041526,379.8,1/22/2023,20:13:49
41.829627,-71.041877,382.7,1/22/2023,20:13:51
41.828899,-71.042236,386.8,1/22/2023,20:13:53
41.828178,-71.042572,390.8,1/22/2023,20:13:55
41.827461,-71.042907,391.9,1/22/2023,20:13:57
41.826728,-71.043251,391.5,1/22/2023,20:13:59
41.825984,-71.043609,391.3,1/22/2023,20:14:01
41.825218,-71.043983,390.5,1/22/2023,20:14:03
41.824825,-71.044174,388.8,1/22/2023,20:14:04
41.82402,-71.044548,384.5,1/22/2023,20:14:06
41.823184,-71.044929,379.9,1/22/2023,20:14:08
41.82233,-71.045341,376.3,1/22/2023,20:14:10
41.821453,-71.045761,372.9,1/22/2023,20:14:12
41.820564,-71.046203,370.8,1/22/2023,20:14:14
41.819664,-71.046646,370.2,1/22/2023,20:14:16
41.818756,-71.04708,370.4,1/22/2023,20:14:18
41.818298,-71.047302,370.9,1/22/2023,20:14:19
41.817443,-71.047714,385.3,1/22/2023,20:14:21
41.816802,-71.048011,409.5,1/22/2023,20:14:23
41.816226,-71.048286,438.1,1/22/2023,20:14:25
41.815658,-71.048522,447.2,1/22/2023,20:14:27
41.815044,-71.048751,437.8,1/22/2023,20:14:29
41.814357,-71.048973,428,1/22/2023,20:14:31
41.813571,-71.049194,409.2,1/22/2023,20:14:33
41.813156,-71.049293,394.8,1/22/2023,20:14:34
41.812278,-71.049491,387.7,1/22/2023,20:14:36
41.81137,-71.04969,382,1/22/2023,20:14:38
41.810424,-71.04988,375,1/22/2023,20:14:40
41.809452,-71.050064,371,1/22/2023,20:14:42
41.808456,-71.050231,367.1,1/22/2023,20:14:44
41.807437,-71.050392,364.3,1/22/2023,20:14:46
41.806507,-71.050529,367.7,1/22/2023,20:14:48
41.806091,-71.05059,389.5,1/22/2023,20:14:49
41.805446,-71.050666,457,1/22/2023,20:14:51
41.804965,-71.050651,496.1,1/22/2023,20:14:53
41.804405,-71.050666,526.5,1/22/2023,20:14:55
41.803874,-71.05059,511,1/22/2023,20:14:57
41.803276,-71.050506,483.7,1/22/2023,20:14:59
41.802555,-71.050437,466.6,1/22/2023,20:15:01
41.801712,-71.050361,434.1,1/22/2023,20:15:03
41.801258,-71.050308,408.2,1/22/2023,20:15:04
41.800304,-71.050201,387.7,1/22/2023,20:15:06
41.799308,-71.050079,374.3,1/22/2023,20:15:08
41.798316,-71.049957,377.1,1/22/2023,20:15:10
41.797435,-71.049797,419.3,1/22/2023,20:15:12
41.796791,-71.049659,472.1,1/22/2023,20:15:14
41.796295,-71.049537,494.5,1/22/2023,20:15:16
41.795768,-71.049392,526.6,1/22/2023,20:15:18
41.795478,-71.049301,544.5,1/22/2023,20:15:19
41.794914,-71.049125,539.1,1/22/2023,20:15:21
41.79438,-71.048904,518.4,1/22/2023,20:15:23
41.793876,-71.04837,502.2,1/22/2023,20:15:25
41.793514,-71.047538,490.4,1/22/2023,20:15:27
41.793472,-71.046493,481.8,1/22/2023,20:15:29
41.793773,-71.045417,479,1/22/2023,20:15:31
41.794403,-71.044525,475.5,1/22/2023,20:15:33
41.794834,-71.044197,473.6,1/22/2023,20:15:34
41.79581,-71.043891,472.4,1/22/2023,20:15:36
41.796863,-71.044143,467.3,1/22/2023,20:15:38
41.79779,-71.044906,455.6,1/22/2023,20:15:40
41.798316,-71.046104,450.1,1/22/2023,20:15:42
41.798534,-71.047439,443.6,1/22/2023,20:15:44
41.798549,-71.048728,447.5,1/22/2023,20:15:46
41.798233,-71.049781,447.9,1/22/2023,20:15:48
41.797767,-71.050025,430.6,1/22/2023,20:15:49
41.797027,-71.04972,402.6,1/22/2023,20:15:51
41.796482,-71.04866,393.3,1/22/2023,20:15:53
41.796352,-71.047569,387.3,1/22/2023,20:15:55
41.796352,-71.047569,387.3,1/22/2023,20:15:57
41.797054,-71.045761,374,1/22/2023,20:15:59
41.798503,-71.045669,391.8,1/22/2023,20:16:01
41.79956,-71.045799,409.4,1/22/2023,20:16:03
41.800502,-71.045989,420.4,1/22/2023,20:16:05
41.801437,-71.04618,444.5,1/22/2023,20:16:07
41.80191,-71.046203,448.2,1/22/2023,20:16:08
41.802822,-71.04602,444.6,1/22/2023,20:16:10
41.803627,-71.045494,439.9,1/22/2023,20:16:12
41.804164,-71.044631,437.4,1/22/2023,20:16:14
41.804489,-71.04367,438.3,1/22/2023,20:16:16
41.804458,-71.042709,445.2,1/22/2023,20:16:18
41.804344,-71.041999,449.2,1/22/2023,20:16:20
41.803871,-71.041587,447.2,1/22/2023,20:16:22
41.803627,-71.041496,448,1/22/2023,20:16:23
41.803066,-71.041488,448.1,1/22/2023,20:16:25
41.802074,-71.041809,458.5,1/22/2023,20:16:27
41.801403,-71.04235,469.2,1/22/2023,20:16:29
41.8008,-71.043098,474.3,1/22/2023,20:16:31
41.800327,-71.044021,478.1,1/22/2023,20:16:33
41.800037,-71.04512,477.4,1/22/2023,20:16:35
41.799957,-71.046356,473.7,1/22/2023,20:16:37
41.799972,-71.047012,472.7,1/22/2023,20:16:38
41.800178,-71.048316,471.6,1/22/2023,20:16:40
41.800632,-71.049514,471.2,1/22/2023,20:16:42
41.801395,-71.050521,469.7,1/22/2023,20:16:44
41.802326,-71.051147,477,1/22/2023,20:16:46
41.803375,-71.051216,479.6,1/22/2023,20:16:48
41.804367,-71.050842,476.2,1/22/2023,20:16:50
41.805244,-71.050247,476.5,1/22/2023,20:16:52
41.805507,-71.049743,477.2,1/22/2023,20:16:53
41.805892,-71.04866,489.8,1/22/2023,20:16:55
41.806133,-71.048187,491,1/22/2023,20:16:57
41.806205,-71.047195,490.4,1/22/2023,20:16:59
41.804828,-71.046974,482.7,1/22/2023,20:17:01
41.8041,-71.047348,488,1/22/2023,20:17:03
41.803501,-71.04808,489.1,1/22/2023,20:17:05
41.803253,-71.049156,489.7,1/22/2023,20:17:07
41.80331,-71.050369,484.3,1/22/2023,20:17:09
41.80331,-71.050369,485,1/22/2023,20:17:11
41.804679,-71.05223,491.5,1/22/2023,20:17:13
41.805763,-71.052223,487.9,1/22/2023,20:17:15
41.806732,-71.052139,492.1,1/22/2023,20:17:17
41.807697,-71.052085,496.4,1/22/2023,20:17:19
41.808673,-71.05207,497.6,1/22/2023,20:17:21
41.80965,-71.052116,498.6,1/22/2023,20:17:23
41.810138,-71.052154,498.8,1/22/2023,20:17:24
41.811119,-71.052268,499.1,1/22/2023,20:17:26
41.812114,-71.052406,497.9,1/22/2023,20:17:28
41.81311,-71.052558,496.9,1/22/2023,20:17:30
41.814121,-71.052703,490.6,1/22/2023,20:17:32
41.815155,-71.052848,480.9,1/22/2023,20:17:34
41.816246,-71.05297,472.8,1/22/2023,20:17:36
41.817375,-71.0531,452.8,1/22/2023,20:17:38
41.817947,-71.053169,441.9,1/22/2023,20:17:39
41.81911,-71.053314,435.4,1/22/2023,20:17:41
41.820297,-71.053443,427.7,1/22/2023,20:17:43
41.821506,-71.053558,418,1/22/2023,20:17:45
41.822742,-71.053665,405.6,1/22/2023,20:17:47
41.824001,-71.053764,394.2,1/22/2023,20:17:49
41.825267,-71.053863,390.2,1/22/2023,20:17:51
41.826553,-71.053909,388.6,1/22/2023,20:17:53
41.827213,-71.053916,386.6,1/22/2023,20:17:54
41.828411,-71.053939,386.4,1/22/2023,20:17:56
41.829353,-71.054008,389,1/22/2023,20:17:58
41.83012,-71.054107,406.9,1/22/2023,20:18:00
41.83097,-71.054214,406.8,1/22/2023,20:18:02
41.83189,-71.054367,399.9,1/22/2023,20:18:04
41.832893,-71.05455,395.7,1/22/2023,20:18:06
41.833961,-71.054687,386,1/22/2023,20:18:08
41.834518,-71.054748,373.7,1/22/2023,20:18:09
41.835666,-71.05487,359.7,1/22/2023,20:18:11
41.836841,-71.054985,349.4,1/22/2023,20:18:13
41.838043,-71.055091,338.2,1/22/2023,20:18:15
41.839164,-71.055191,327.6,1/22/2023,20:18:17
41.840118,-71.055274,320.3,1/22/2023,20:18:19
41.840961,-71.055374,318.9,1/22/2023,20:18:21
41.84177,-71.055488,327.4,1/22/2023,20:18:23
41.842193,-71.055549,320,1/22/2023,20:18:24
41.843078,-71.055671,309.7,1/22/2023,20:18:26
41.844013,-71.055816,302.8,1/22/2023,20:18:28
41.844978,-71.055976,299.9,1/22/2023,20:18:30
41.845958,-71.056198,300.6,1/22/2023,20:18:32
41.846889,-71.056602,302.1,1/22/2023,20:18:34
41.847793,-71.057182,300.4,1/22/2023,20:18:36
41.848628,-71.057937,295.3,1/22/2023,20:18:38
41.849025,-71.058364,290.7,1/22/2023,20:18:39
41.84975,-71.059318,284.7,1/22/2023,20:18:41
41.850364,-71.060409,279.8,1/22/2023,20:18:43
41.850875,-71.061599,275.4,1/22/2023,20:18:45
41.85128,-71.062858,271.5,1/22/2023,20:18:47
41.851608,-71.064147,268.6,1/22/2023,20:18:49
41.851875,-71.065467,267.7,1/22/2023,20:18:51
41.852088,-71.066802,265.6,1/22/2023,20:18:53
41.852172,-71.067466,262.4,1/22/2023,20:18:54
41.852302,-71.068809,259.3,1/22/2023,20:18:56
41.852409,-71.070137,256.4,1/22/2023,20:18:58
41.8525,-71.071449,256,1/22/2023,20:19:00
41.852584,-71.072746,255.4,1/22/2023,20:19:02
41.852653,-71.074035,255.1,1/22/2023,20:19:04
41.852668,-71.075317,255.7,1/22/2023,20:19:06
41.852611,-71.076591,253.8,1/22/2023,20:19:08
41.852546,-71.077224,250,1/22/2023,20:19:09
41.852348,-71.078483,245.2,1/22/2023,20:19:11
41.852054,-71.079719,241.9,1/22/2023,20:19:13
41.851696,-71.080924,241.9,1/22/2023,20:19:15
41.851356,-71.082145,242.6,1/22/2023,20:19:17
41.851058,-71.083374,244.4,1/22/2023,20:19:19
41.850811,-71.084602,244.6,1/22/2023,20:19:21
41.850612,-71.085868,245.1,1/22/2023,20:19:23
41.850528,-71.086509,243.1,1/22/2023,20:19:24
41.850383,-71.087821,240.6,1/22/2023,20:19:26
41.85025,-71.089164,238,1/22/2023,20:19:28
41.850101,-71.090507,240.6,1/22/2023,20:19:30
41.849929,-71.091812,253,1/22/2023,20:19:32
41.849765,-71.093078,265,1/22/2023,20:19:34
41.849624,-71.094314,270.2,1/22/2023,20:19:36
41.849498,-71.09552,275.5,1/22/2023,20:19:38
41.849441,-71.096115,279.4,1/22/2023,20:19:39
41.849323,-71.097312,280.4,1/22/2023,20:19:41
41.849216,-71.098533,277.9,1/22/2023,20:19:43
41.849113,-71.099777,274.1,1/22/2023,20:19:45
41.848987,-71.101051,269.1,1/22/2023,20:19:47
41.84885,-71.10234,266,1/22/2023,20:19:49
41.848712,-71.103645,264.8,1/22/2023,20:19:51
41.848575,-71.104949,263.5,1/22/2023,20:19:53
41.848506,-71.105606,263.5,1/22/2023,20:19:54
41.848392,-71.106903,264.2,1/22/2023,20:19:56
41.848289,-71.1082,265.5,1/22/2023,20:19:58
41.848182,-71.109481,268.1,1/22/2023,20:20:00
41.848075,-71.110755,269.9,1/22/2023,20:20:02
41.847984,-71.112014,273,1/22/2023,20:20:04
41.847919,-71.113265,274.1,1/22/2023,20:20:06
41.847869,-71.114524,275,1/22/2023,20:20:08
41.84785,-71.115158,275.3,1/22/2023,20:20:09
41.847816,-71.116416,275.9,1/22/2023,20:20:11
41.847797,-71.117683,276.3,1/22/2023,20:20:13
41.847789,-71.118949,276.5,1/22/2023,20:20:15
41.847793,-71.120231,275.6,1/22/2023,20:20:17
41.847805,-71.12152,274.5,1/22/2023,20:20:19
41.847824,-71.122817,273.7,1/22/2023,20:20:21
41.847846,-71.12413,272.3,1/22/2023,20:20:23
41.847858,-71.124786,271.5,1/22/2023,20:20:24
41.847881,-71.126098,271.7,1/22/2023,20:20:26
41.847911,-71.127418,272.9,1/22/2023,20:20:28
41.847949,-71.128723,274.3,1/22/2023,20:20:30
41.847984,-71.13002,275.7,1/22/2023,20:20:32
41.848018,-71.131317,276.5,1/22/2023,20:20:34
41.84806,-71.132621,276.7,1/22/2023,20:20:36
41.848106,-71.133926,276.3,1/22/2023,20:20:38
41.848129,-71.134582,275.5,1/22/2023,20:20:39
41.848175,-71.135894,275.5,1/22/2023,20:20:41
41.848236,-71.137207,275.4,1/22/2023,20:20:43
41.848304,-71.138526,275.7,1/22/2023,20:20:45
41.848339,-71.139183,275.9,1/22/2023,20:20:46
41.848415,-71.140495,277.4,1/22/2023,20:20:48
41.848487,-71.141777,278.6,1/22/2023,20:20:50
41.848522,-71.142417,281.6,1/22/2023,20:20:51
41.848583,-71.143699,284.9,1/22/2023,20:20:53
41.848644,-71.144966,287,1/22/2023,20:20:55
41.848674,-71.145591,291.6,1/22/2023,20:20:56
41.848743,-71.146827,296.1,1/22/2023,20:20:58
41.848834,-71.148033,299.9,1/22/2023,20:21:00
41.848899,-71.14862,307.2,1/22/2023,20:21:01
41.849079,-71.149787,311.3,1/22/2023,20:21:03
41.849353,-71.150924,312.6,1/22/2023,20:21:05
41.849521,-71.151489,312.8,1/22/2023,20:21:06
41.849945,-71.152595,308.7,1/22/2023,20:21:08
41.850479,-71.153671,306.1,1/22/2023,20:21:10
41.850776,-71.154197,303.4,1/22/2023,20:21:11
41.851486,-71.155136,299.3,1/22/2023,20:21:13
41.852333,-71.155929,296.9,1/22/2023,20:21:15
41.852794,-71.15628,291.8,1/22/2023,20:21:16
41.85379,-71.156822,287.1,1/22/2023,20:21:18
41.854824,-71.157203,287.4,1/22/2023,20:21:20
41.855339,-71.157363,289.7,1/22/2023,20:21:21
41.856361,-71.15763,298.6,1/22/2023,20:21:23
41.857372,-71.157882,301.5,1/22/2023,20:21:25
41.857864,-71.158012,307.3,1/22/2023,20:21:26
41.858829,-71.158271,311.7,1/22/2023,20:21:28
41.859775,-71.158538,314.1,1/22/2023,20:21:30
41.86024,-71.158668,316.5,1/22/2023,20:21:31
41.861175,-71.158935,315.2,1/22/2023,20:21:33
41.862121,-71.159202,312.5,1/22/2023,20:21:35
41.862598,-71.159362,307.5,1/22/2023,20:21:36
41.863571,-71.15969,300.4,1/22/2023,20:21:38
41.86457,-71.160018,297.7,1/22/2023,20:21:40
41.86507,-71.160194,295.8,1/22/2023,20:21:41
41.866073,-71.16053,296.9,1/22/2023,20:21:43
41.867057,-71.160873,299.5,1/22/2023,20:21:45
41.867546,-71.161033,302.7,1/22/2023,20:21:46
41.868499,-71.161376,305,1/22/2023,20:21:48
41.869434,-71.161727,307,1/22/2023,20:21:50
41.869895,-71.161903,311.8,1/22/2023,20:21:51
41.870796,-71.162277,315.3,1/22/2023,20:21:53
41.871696,-71.162666,314.9,1/22/2023,20:21:55
41.872146,-71.162879,313.4,1/22/2023,20:21:56
41.87305,-71.163314,312.6,1/22/2023,20:21:58
41.873962,-71.163749,311.5,1/22/2023,20:22:00
41.874423,-71.163955,310.3,1/22/2023,20:22:01
41.875354,-71.164382,308.6,1/22/2023,20:22:03
41.876293,-71.164802,307.6,1/22/2023,20:22:05
41.876766,-71.165016,304.9,1/22/2023,20:22:06
41.877719,-71.165443,301.4,1/22/2023,20:22:08
41.878692,-71.165863,299.4,1/22/2023,20:22:10
41.879184,-71.166076,295.2,1/22/2023,20:22:11
41.880184,-71.166488,291.6,1/22/2023,20:22:13
41.881191,-71.166908,290.7,1/22/2023,20:22:15
41.881694,-71.167114,291.7,1/22/2023,20:22:16
41.882698,-71.167503,293.9,1/22/2023,20:22:18
41.883697,-71.167884,295.3,1/22/2023,20:22:20
41.884189,-71.168075,298.8,1/22/2023,20:22:21
41.885173,-71.168434,301.9,1/22/2023,20:22:23
41.886154,-71.168769,302.9,1/22/2023,20:22:25
41.886646,-71.168937,303.8,1/22/2023,20:22:26
41.887626,-71.169273,302.3,1/22/2023,20:22:28
41.888618,-71.169616,301.2,1/22/2023,20:22:30
41.889114,-71.169799,298.4,1/22/2023,20:22:31
41.890113,-71.170173,296.4,1/22/2023,20:22:33
41.891117,-71.17057,296,1/22/2023,20:22:35
41.891616,-71.170768,295.8,1/22/2023,20:22:36
41.892612,-71.171165,296.8,1/22/2023,20:22:38
41.8936,-71.171554,297.8,1/22/2023,20:22:40
41.894092,-71.171752,299.3,1/22/2023,20:22:41
41.89508,-71.172119,300.4,1/22/2023,20:22:43
41.896068,-71.17247,300.7,1/22/2023,20:22:45
41.896556,-71.172645,300.8,1/22/2023,20:22:46
41.897541,-71.173004,300.2,1/22/2023,20:22:48
41.898529,-71.173362,299.5,1/22/2023,20:22:50
41.899024,-71.173545,298.1,1/22/2023,20:22:51
41.900016,-71.173904,297.3,1/22/2023,20:22:53
41.901016,-71.174278,296.8,1/22/2023,20:22:55
41.901512,-71.174468,296,1/22/2023,20:22:56
41.902507,-71.17485,295.3,1/22/2023,20:22:58
41.903503,-71.175224,295.1,1/22/2023,20:23:00
41.903999,-71.175415,295.1,1/22/2023,20:23:01
41.904991,-71.175804,295.9,1/22/2023,20:23:03
41.905982,-71.176177,296.3,1/22/2023,20:23:05
41.906482,-71.176361,296.7,1/22/2023,20:23:06
41.907474,-71.176719,296.3,1/22/2023,20:23:08
41.90847,-71.177062,296,1/22/2023,20:23:10
41.908966,-71.177238,295.7,1/22/2023,20:23:11
41.909957,-71.177574,297.1,1/22/2023,20:23:13
41.910942,-71.177894,298.8,1/22/2023,20:23:15
41.911434,-71.178047,302.7,1/22/2023,20:23:16
41.912399,-71.178329,307.4,1/22/2023,20:23:18
41.913352,-71.178588,309.6,1/22/2023,20:23:20
41.913825,-71.17871,312.9,1/22/2023,20:23:21
41.914772,-71.178939,313.4,1/22/2023,20:23:23
41.915725,-71.179161,312.7,1/22/2023,20:23:25
41.916202,-71.179267,309.6,1/22/2023,20:23:26
41.917175,-71.179496,305.9,1/22/2023,20:23:28
41.918155,-71.179733,304.3,1/22/2023,20:23:30
41.918651,-71.179855,301.6,1/22/2023,20:23:31
41.919647,-71.180091,299.7,1/22/2023,20:23:33
41.92065,-71.180328,298.9,1/22/2023,20:23:35
41.921154,-71.180442,297.3,1/22/2023,20:23:36
41.922161,-71.180664,296.2,1/22/2023,20:23:38
41.923171,-71.18087,296.1,1/22/2023,20:23:40
41.923679,-71.180969,296.4,1/22/2023,20:23:41
41.92469,-71.181152,297.6,1/22/2023,20:23:43
41.925693,-71.18132,298.3,1/22/2023,20:23:45
41.926197,-71.181396,299.5,1/22/2023,20:23:46
41.927192,-71.181541,300.5,1/22/2023,20:23:48
41.928184,-71.181678,301.3,1/22/2023,20:23:50
41.92868,-71.181747,302.9,1/22/2023,20:23:51
41.92966,-71.181892,304.6,1/22/2023,20:23:53
41.930641,-71.182029,305.2,1/22/2023,20:23:55
41.931129,-71.182106,305.2,1/22/2023,20:23:56
41.932113,-71.182243,303.7,1/22/2023,20:23:58
41.933101,-71.182388,302.5,1/22/2023,20:24:00
41.933601,-71.182456,299.5,1/22/2023,20:24:01
41.934608,-71.182586,296.5,1/22/2023,20:24:03
41.935623,-71.182708,295.7,1/22/2023,20:24:05
41.93613,-71.182762,295.1,1/22/2023,20:24:06
41.937145,-71.182876,295.4,1/22/2023,20:24:08
41.938159,-71.182975,295.8,1/22/2023,20:24:10
41.938663,-71.183021,296.5,1/22/2023,20:24:11
41.93967,-71.18312,298.1,1/22/2023,20:24:13
41.94067,-71.183242,299.3,1/22/2023,20:24:15
41.941162,-71.183303,302.1,1/22/2023,20:24:16
41.942146,-71.183433,304.1,1/22/2023,20:24:18
41.94313,-71.183547,304.7,1/22/2023,20:24:20
41.943622,-71.183609,304.5,1/22/2023,20:24:21
41.94461,-71.183715,303.5,1/22/2023,20:24:23
41.94561,-71.183815,302.5,1/22/2023,20:24:25
41.946109,-71.18386,300.5,1/22/2023,20:24:26
41.947113,-71.183929,298.5,1/22/2023,20:24:28
41.948123,-71.183982,297.2,1/22/2023,20:24:30
41.948635,-71.184005,294.9,1/22/2023,20:24:31
41.949653,-71.184082,294.9,1/22/2023,20:24:33
41.950664,-71.184196,295.5,1/22/2023,20:24:35
41.951168,-71.184257,297.9,1/22/2023,20:24:36
41.952163,-71.184387,300,1/22/2023,20:24:38
41.953155,-71.184509,300.9,1/22/2023,20:24:40
41.953647,-71.18457,301.8,1/22/2023,20:24:41
41.954631,-71.184684,301.6,1/22/2023,20:24:43
41.955619,-71.184783,301.3,1/22/2023,20:24:45
41.956115,-71.184829,300.5,1/22/2023,20:24:46
41.957111,-71.184913,299.6,1/22/2023,20:24:48
41.958106,-71.185012,299.2,1/22/2023,20:24:50
41.958606,-71.185073,298.6,1/22/2023,20:24:51
41.959606,-71.185211,298.4,1/22/2023,20:24:53
41.960601,-71.185348,298.8,1/22/2023,20:24:55
41.961097,-71.185409,300,1/22/2023,20:24:56
41.962093,-71.185485,300.9,1/22/2023,20:24:58
41.963085,-71.185516,301.1,1/22/2023,20:25:00
41.963581,-71.185508,301.6,1/22/2023,20:25:01
41.964565,-71.18544,301.2,1/22/2023,20:25:03
41.965553,-71.185333,300.3,1/22/2023,20:25:05
41.966049,-71.185279,298.8,1/22/2023,20:25:06
41.967041,-71.185173,298.8,1/22/2023,20:25:08
41.968029,-71.185066,299.4,1/22/2023,20:25:10
41.968521,-71.185012,300.8,1/22/2023,20:25:11
41.969501,-71.184913,302.6,1/22/2023,20:25:13
41.970478,-71.184814,303.7,1/22/2023,20:25:15
41.970958,-71.184768,306.5,1/22/2023,20:25:16
41.971916,-71.184669,310.3,1/22/2023,20:25:18
41.972862,-71.18457,312.2,1/22/2023,20:25:20
41.973331,-71.184516,315.7,1/22/2023,20:25:21
41.974262,-71.184402,317,1/22/2023,20:25:23
41.975196,-71.184265,317,1/22/2023,20:25:25
41.975666,-71.184196,314.7,1/22/2023,20:25:26
41.976619,-71.184043,309.2,1/22/2023,20:25:28
41.977592,-71.183876,306.2,1/22/2023,20:25:30
41.97808,-71.183784,302.5,1/22/2023,20:25:31
41.979064,-71.183593,301.1,1/22/2023,20:25:33
41.980049,-71.183395,301.1,1/22/2023,20:25:35
41.980537,-71.183303,302.6,1/22/2023,20:25:36
41.981506,-71.18312,306.3,1/22/2023,20:25:38
41.982452,-71.182929,308.4,1/22/2023,20:25:40
41.982921,-71.18283,312.6,1/22/2023,20:25:41
41.983844,-71.182624,316.2,1/22/2023,20:25:43
41.984764,-71.182434,317.5,1/22/2023,20:25:45
41.985221,-71.182342,317.9,1/22/2023,20:25:46
41.986145,-71.182159,316.1,1/22/2023,20:25:48
41.987075,-71.181968,314.6,1/22/2023,20:25:50
41.987545,-71.181869,310.6,1/22/2023,20:25:51
41.988498,-71.181678,306.3,1/22/2023,20:25:53
41.989467,-71.181503,304.3,1/22/2023,20:25:55
41.989955,-71.181411,302.3,1/22/2023,20:25:56
41.990932,-71.181243,302.7,1/22/2023,20:25:58
41.991897,-71.18106,303.7,1/22/2023,20:26:00
41.992374,-71.180969,306.5,1/22/2023,20:26:01
41.993324,-71.180793,310.3,1/22/2023,20:26:03
41.994258,-71.180641,312.4,1/22/2023,20:26:05
41.994724,-71.18058,317,1/22/2023,20:26:06
41.995647,-71.180473,321.1,1/22/2023,20:26:08
41.996562,-71.180381,322.3,1/22/2023,20:26:10
41.99702,-71.180335,323.2,1/22/2023,20:26:11
41.997947,-71.180252,321.1,1/22/2023,20:26:13
41.998886,-71.180191,319.6,1/22/2023,20:26:15
41.999362,-71.180168,315.7,1/22/2023,20:26:16
42.000328,-71.180114,312.1,1/22/2023,20:26:18
42.0013,-71.180068,310.5,1/22/2023,20:26:20
42.001792,-71.180046,308.1,1/22/2023,20:26:21
42.002773,-71.179992,307.6,1/22/2023,20:26:23
42.003753,-71.179924,307.4,1/22/2023,20:26:25
42.004245,-71.179885,307.7,1/22/2023,20:26:26
42.005218,-71.179817,309,1/22/2023,20:26:28
42.006187,-71.179756,309.7,1/22/2023,20:26:30
42.006668,-71.17974,310.9,1/22/2023,20:26:31
42.007629,-71.179771,311.7,1/22/2023,20:26:33
42.008583,-71.179939,311.3,1/22/2023,20:26:35
42.009052,-71.180084,310.4,1/22/2023,20:26:36
42.00996,-71.180519,310,1/22/2023,20:26:38
42.010818,-71.181114,308.2,1/22/2023,20:26:40
42.011219,-71.181472,304.4,1/22/2023,20:26:41
42.011959,-71.182312,300.3,1/22/2023,20:26:43
42.012603,-71.18328,298,1/22/2023,20:26:45
42.012886,-71.183799,293.6,1/22/2023,20:26:46
42.013397,-71.18489,291.4,1/22/2023,20:26:48
42.013835,-71.186004,291.7,1/22/2023,20:26:50
42.014041,-71.186561,294.1,1/22/2023,20:26:51
42.014446,-71.18766,296.3,1/22/2023,20:26:53
42.014842,-71.188735,297.4,1/22/2023,20:26:55
42.015041,-71.18927,298.7,1/22/2023,20:26:56
42.015434,-71.190322,299.1,1/22/2023,20:26:58
42.015827,-71.191383,298.8,1/22/2023,20:27:00
42.016025,-71.191909,295.8,1/22/2023,20:27:01
42.016414,-71.192985,293.4,1/22/2023,20:27:03
42.016811,-71.194061,289.8,1/22/2023,20:27:05
42.017005,-71.19461,282.8,1/22/2023,20:27:06
42.017395,-71.195716,276.5,1/22/2023,20:27:08
42.017784,-71.196846,273.6,1/22/2023,20:27:10
42.017978,-71.19741,268,1/22/2023,20:27:11
42.018363,-71.198562,264,1/22/2023,20:27:13
42.018737,-71.199707,262.7,1/22/2023,20:27:15
42.01892,-71.200286,261.4,1/22/2023,20:27:16
42.019287,-71.201423,261.4,1/22/2023,20:27:18
42.019641,-71.202537,261.6,1/22/2023,20:27:20
42.019817,-71.203086,261.8,1/22/2023,20:27:21
42.020168,-71.20417,260.7,1/22/2023,20:27:23
42.020488,-71.205268,259,1/22/2023,20:27:25
42.020626,-71.205825,251.8,1/22/2023,20:27:26
42.020824,-71.206977,243.7,1/22/2023,20:27:28
42.02087,-71.208152,240.2,1/22/2023,20:27:30
42.020824,-71.20874,233.2,1/22/2023,20:27:31
42.020599,-71.209869,227.5,1/22/2023,20:27:33
42.020206,-71.210899,224.7,1/22/2023,20:27:35
42.01995,-71.211364,218,1/22/2023,20:27:36
42.01934,-71.212165,210.2,1/22/2023,20:27:38
42.018627,-71.212814,206.7,1/22/2023,20:27:40
42.018249,-71.213096,200.1,1/22/2023,20:27:41
42.017486,-71.21363,196.6,1/22/2023,20:27:43
42.016731,-71.214134,194.9,1/22/2023,20:27:45
42.016353,-71.214385,191.6,1/22/2023,20:27:46
42.015617,-71.214881,187.3,1/22/2023,20:27:48
42.014888,-71.215385,184.8,1/22/2023,20:27:50
42.014526,-71.215644,179.7,1/22/2023,20:27:51
42.013809,-71.216148,174.3,1/22/2023,20:27:53
42.013076,-71.21659,171.9,1/22/2023,20:27:55
42.012699,-71.216751,168.3,1/22/2023,20:27:56
42.011924,-71.216865,164.5,1/22/2023,20:27:58
42.011173,-71.216667,161.9,1/22/2023,20:28:00
42.010814,-71.216476,156.3,1/22/2023,20:28:01
42.010181,-71.215919,151.5,1/22/2023,20:28:03
42.009624,-71.215255,148.9,1/22/2023,20:28:05
42.009361,-71.214897,145.4,1/22/2023,20:28:06
42.00885,-71.214195,142.1,1/22/2023,20:28:08
42.00835,-71.213485,139.5,1/22/2023,20:28:10
42.008106,-71.213127,134.2,1/22/2023,20:28:11
42.00764,-71.212409,130.4,1/22/2023,20:28:13
42.007213,-71.211685,128.8,1/22/2023,20:28:15
42.007007,-71.211326,124.3,1/22/2023,20:28:16
42.006622,-71.210586,117.1,1/22/2023,20:28:18
42.006252,-71.209808,113.4,1/22/2023,20:28:20
42.006069,-71.209419,106.8,1/22/2023,20:28:21
42.00571,-71.208618,100.9,1/22/2023,20:28:23
42.005359,-71.207817,98.2,1/22/2023,20:28:25
42.005184,-71.20742,92.3,1/22/2023,20:28:26
42.004829,-71.206634,84.8,1/22/2023,20:28:28
42.004459,-71.205856,81.1,1/22/2023,20:28:30
42.004272,-71.205467,74.4,1/22/2023,20:28:31
42.003902,-71.204696,69,1/22/2023,20:28:33
42.003532,-71.203941,66.8,1/22/2023,20:28:35
42.003349,-71.203575,62.1,1/22/2023,20:28:36
42.003002,-71.202827,56.3,1/22/2023,20:28:38
42.00267,-71.202079,53,1/22/2023,20:28:40
42.002502,-71.201713,46.9,1/22/2023,20:28:41
42.002159,-71.201004,42.7,1/22/2023,20:28:43
42.001834,-71.200332,41.7,1/22/2023,20:28:45
42.001678,-71.200004,40.5,1/22/2023,20:28:46
42.001384,-71.199378,39.6,1/22/2023,20:28:48
42.001102,-71.198799,39.4,1/22/2023,20:28:50
42.000976,-71.198532,39.1,1/22/2023,20:28:51
42.00074,-71.19802,39,1/22/2023,20:28:53
42.000534,-71.197586,38.9,1/22/2023,20:28:55
42.000442,-71.197395,38.7,1/22/2023,20:28:56
42.000282,-71.197082,38.7,1/22/2023,20:28:58
42.000141,-71.196853,38.8,1/22/2023,20:29:00
42.00008,-71.196754,39.1,1/22/2023,20:29:01
41.999988,-71.196609,39.3,1/22/2023,20:29:03
41.99995,-71.196495,39.3,1/22/2023,20:29:05
41.999958,-71.196456,39.1,1/22/2023,20:29:06
41.999992,-71.196418,38.9,1/22/2023,20:29:08
42.00003,-71.196434,39,1/22/2023,20:29:10
42.000049,-71.196456,38.8,1/22/2023,20:29:11
42.000087,-71.196525,38.8,1/22/2023,20:29:13
42.000129,-71.196617,39,1/22/2023,20:29:15
42.000148,-71.196662,39.4,1/22/2023,20:29:16
42.000198,-71.196762,39.6,1/22/2023,20:29:18
42.000247,-71.196876,39.7,1/22/2023,20:29:20
42.000267,-71.196937,39.9,1/22/2023,20:29:21
42.000316,-71.197044,40.2,1/22/2023,20:29:23
42.00037,-71.197158,40.5,1/22/2023,20:29:25
42.000396,-71.197212,40.8,1/22/2023,20:29:26
42.000446,-71.197296,41,1/22/2023,20:29:28
42.000495,-71.197357,41.1,1/22/2023,20:29:30
42.000518,-71.19738,41.1,1/22/2023,20:29:31
42.000576,-71.197402,41.2,1/22/2023,20:29:33
42.000629,-71.19741,41.1,1/22/2023,20:29:35
42.000656,-71.19741,40.8,1/22/2023,20:29:36
42.000705,-71.197387,40.6,1/22/2023,20:29:38
42.000743,-71.197349,40.7,1/22/2023,20:29:40
42.000762,-71.197334,40.6,1/22/2023,20:29:41
42.000801,-71.197296,40.1,1/22/2023,20:29:43
42.000839,-71.197257,40.1,1/22/2023,20:29:45
42.000854,-71.197242,39.8,1/22/2023,20:29:46
42.000892,-71.197212,40,1/22/2023,20:29:48
42.00093,-71.197181,40.1,1/22/2023,20:29:50
42.000949,-71.197166,39.9,1/22/2023,20:29:51
42.000991,-71.197128,40,1/22/2023,20:29:53
42.001037,-71.19709,39.8,1/22/2023,20:29:55
42.00106,-71.197067,39.6,1/22/2023,20:29:56
42.001113,-71.197029,39.7,1/22/2023,20:29:58
42.001167,-71.19699,39.9,1/22/2023,20:30:00
42.001197,-71.196975,39.5,1/22/2023,20:30:01
42.001262,-71.196952,39.5,1/22/2023,20:30:03
42.001327,-71.19696,39.5,1/22/2023,20:30:05
42.001358,-71.196975,39.6,1/22/2023,20:30:06
42.001419,-71.197006,39.9,1/22/2023,20:30:08
42.00148,-71.197052,40,1/22/2023,20:30:10
42.001502,-71.197074,40.1,1/22/2023,20:30:11
42.001552,-71.19712,39.7,1/22/2023,20:30:13
42.001602,-71.197166,39.6,1/22/2023,20:30:15
42.001628,-71.197181,39.5,1/22/2023,20:30:16
42.001678,-71.197219,39.4,1/22/2023,20:30:18
42.001731,-71.197265,39.4,1/22/2023,20:30:20
42.001758,-71.19728,39.3,1/22/2023,20:30:21
42.001815,-71.197326,39.2,1/22/2023,20:30:23
42.001869,-71.197364,39.2,1/22/2023,20:30:25
42.001895,-71.197387,39.3,1/22/2023,20:30:26
42.001949,-71.197425,39.5,1/22/2023,20:30:28
42.002002,-71.197471,39.5,1/22/2023,20:30:30
42.002029,-71.197486,39.8,1/22/2023,20:30:31
42.002082,-71.197532,40,1/22/2023,20:30:33
42.00214,-71.197586,40,1/22/2023,20:30:35
42.002166,-71.197616,39.8,1/22/2023,20:30:36
42.00222,-71.197677,39.9,1/22/2023,20:30:38
42.002269,-71.197738,40,1/22/2023,20:30:40
42.002292,-71.197776,40.1,1/22/2023,20:30:41
42.002326,-71.197837,40.1,1/22/2023,20:30:43
42.002353,-71.197891,40.1,1/22/2023,20:30:45
42.002361,-71.197921,40.2,1/22/2023,20:30:46
42.00238,-71.197967,39.9,1/22/2023,20:30:48
42.002391,-71.197998,39.9,1/22/2023,20:30:50
42.002395,-71.198013,40.6,1/22/2023,20:30:51
42.002403,-71.198036,41.1,1/22/2023,20:30:53
42.00241,-71.198051,41.2,1/22/2023,20:30:55
42.00241,-71.198051,41.2,1/22/2023,20:30:56
42.002418,-71.198059,41.2,1/22/2023,20:30:58
42.002426,-71.198066,41.2,1/22/2023,20:31:00
42.002429,-71.198081,41.3,1/22/2023,20:31:01
42.002441,-71.198104,41.5,1/22/2023,20:31:03
42.002445,-71.19812,41.5,1/22/2023,20:31:05
42.002449,-71.198127,41.6,1/22/2023,20:31:06
42.002456,-71.198143,42,1/22/2023,20:31:08
42.002468,-71.198158,42.2,1/22/2023,20:31:10
42.002475,-71.198158,42,1/22/2023,20:31:11
42.002494,-71.198173,42.2,1/22/2023,20:31:13
42.002506,-71.198188,42.2,1/22/2023,20:31:15
42.00251,-71.198188,42.6,1/22/2023,20:31:16
42.002517,-71.198196,42.7,1/22/2023,20:31:18
42.002529,-71.198204,42.7,1/22/2023,20:31:20
42.00254,-71.198204,43,1/22/2023,20:31:21
42.002552,-71.198204,42.9,1/22/2023,20:31:23
42.002552,-71.198204,42.8,1/22/2023,20:31:25
42.002552,-71.198204,42.8,1/22/2023,20:31:26
42.002552,-71.198204,42.8,1/22/2023,20:31:28
42.002555,-71.198211,42.7,1/22/2023,20:31:30
42.002555,-71.198211,42.7,1/22/2023,20:31:32
42.002555,-71.198211,42.5,1/22/2023,20:31:33
42.002555,-71.198211,42.3,1/22/2023,20:31:35
42.002555,-71.198211,42.2,1/22/2023,20:31:37
42.002555,-71.198211,42.1,1/22/2023,20:31:38
42.002555,-71.198211,41.9,1/22/2023,20:31:40
42.002555,-71.198219,41.8,1/22/2023,20:31:42
42.002555,-71.198219,41.8,1/22/2023,20:31:43
42.002559,-71.198219,41.6,1/22/2023,20:31:45
42.002559,-71.198219,41.3,1/22/2023,20:31:47
42.002559,-71.198219,41.2,1/22/2023,20:31:48
42.002559,-71.198219,41.1,1/22/2023,20:31:50
42.002559,-71.198219,40.9,1/22/2023,20:31:52
42.002559,-71.198226,40.8,1/22/2023,20:31:54
42.002559,-71.198226,40.6,1/22/2023,20:31:55
42.002559,-71.198226,40.5,1/22/2023,20:31:57
42.002563,-71.198226,40.4,1/22/2023,20:31:59
42.002563,-71.198226,40.4,1/22/2023,20:32:01
42.002563,-71.198226,40.4,1/22/2023,20:32:02
42.002563,-71.198226,40.4,1/22/2023,20:32:04
42.002563,-71.198226,40.4,1/22/2023,20:32:06
42.002563,-71.198226,40.4,1/22/2023,20:32:08
42.002563,-71.198234,40,1/22/2023,20:32:10
42.002563,-71.198234,39.9,1/22/2023,20:32:12
42.002563,-71.198234,40,1/22/2023,20:32:13
42.002563,-71.198234,40,1/22/2023,20:32:15
42.002563,-71.198234,40,1/22/2023,20:32:17
42.002563,-71.198234,40.1,1/22/2023,20:32:18
42.002563,-71.198234,40.2,1/22/2023,20:32:20
42.002563,-71.198234,40.3,1/22/2023,20:32:22
42.002563,-71.198234,40.2,1/22/2023,20:32:23
42.002563,-71.198234,40.2,1/22/2023,20:32:25
42.002563,-71.198242,40.2,1/22/2023,20:32:27
42.002563,-71.198242,40.4,1/22/2023,20:32:28
42.002563,-71.198242,40.4,1/22/2023,20:32:30
42.002563,-71.198242,40.3,1/22/2023,20:32:32
42.002567,-71.198242,40.4,1/22/2023,20:32:34
42.002567,-71.198242,40.6,1/22/2023,20:32:35
42.002567,-71.198242,40.6,1/22/2023,20:32:37
42.002571,-71.198242,40.5,1/22/2023,20:32:39
42.002571,-71.198242,40.6,1/22/2023,20:32:40
42.002571,-71.198242,40.6,1/22/2023,20:32:42
42.002571,-71.198242,40.6,1/22/2023,20:32:44
42.002571,-71.198242,40.6,1/22/2023,20:32:46
42.002571,-71.198242,40.7,1/22/2023,20:32:47
42.002574,-71.198242,41.1,1/22/2023,20:32:49
42.002571,-71.198242,41.2,1/22/2023,20:32:51
42.002571,-71.198242,41.3,1/22/2023,20:32:52
42.002571,-71.198242,41.2,1/22/2023,20:32:54
42.002571,-71.198242,41.2,1/22/2023,20:32:56
42.002571,-71.198242,41.1,1/22/2023,20:32:57
42.002567,-71.198249,41.1,1/22/2023,20:32:59
42.002571,-71.198242,41.1,1/22/2023,20:33:01
42.002567,-71.198249,41.1,1/22/2023,20:33:03
42.002567,-71.198249,41.1,1/22/2023,20:33:05
42.002571,-71.198249,41.1,1/22/2023,20:33:07
42.002567,-71.198249,41.1,1/22/2023,20:33:08
42.002567,-71.198249,40.9,1/22/2023,20:33:10
42.002567,-71.198249,40.9,1/22/2023,20:33:12
42.002567,-71.198249,40.8,1/22/2023,20:33:14
42.002567,-71.198249,40.8,1/22/2023,20:33:15