Time (s),Gyroscope X (deg/s),Gyroscope Y (deg/s),Gyroscope Z (deg/s),Accelerometer X (g),Accelerometer Y (g),Accelerometer Z (g)
0,-20.62648062,2.291831181,-10.88619811,0.006818182,0.045454545,1.115909091
0.007531643,-12.60507149,-18.33464944,4.010704566,0.019318182,0.059090909,1.245454545
0.007531643,-17.76169165,-12.60507149,-14.89690267,0.064772727,0.236363636,1.313636364
0.010042191,-13.17802929,-16.61577606,-24.0642274,0.061363636,0.142045455,1.089772727
0.012552738,2.291831181,2.864788976,-0.572957795,0.05,0.039772727,1.095454545
0.015063286,1.14591559,5.729577951,4.010704566,0.081818182,0.032954545,1.126136364
0.020084858,-10.88619811,2.291831181,1.14591559,0.072727273,0.069318182,1.107954545
0.020084858,-2.291831181,4.583662361,2.864788976,0.082954545,0.021590909,1.097727273
0.022595406,-8.021409132,1.14591559,-0.572957795,0.078409091,-0.009090909,1.073863636
0.025105953,-2.864788976,5.156620156,1.14591559,0.078409091,0.023863636,1.1125
0.027616024,-2.864788976,9.167324722,-2.291831181,0.094318182,0.034090909,1.059090909
0.030126572,-4.583662361,4.583662361,1.14591559,0.054545455,0.019318182,1.078409091
0.032637119,-11.4591559,-9.167324722,1.14591559,0.059090909,0.009090909,1.064772727
0.035148144,-0.572957795,3.437746771,-1.718873385,0.129545455,-0.004545455,1.072727273
0.037658691,0.572957795,4.583662361,1.718873385,0.102272727,0.004545455,1.095454545
0.040169239,-4.583662361,-0.572957795,2.291831181,0.090909091,-0.0125,1.127272727
0.042679787,8.594366927,72.76563998,-6.302535746,0.172727273,-0.128409091,1.106818182
0.045190811,24.63718519,95.11099399,-6.875493542,0.1125,0.013636364,1.093181818
0.047700405,14.89690267,88.23550045,-10.88619811,-0.342045455,0.088636364,1.05
0.050211906,-35.5233833,-48.70141259,13.17802929,-0.705681818,0.103409091,0.7875
0.052721977,-22.91831181,-73.33859778,27.50197417,-0.553409091,0.052272727,0.979545455
0.055232525,-24.63718519,-95.68395179,28.64788976,-0.092045455,0.109090909,1.144318182
0.057743073,-18.90760724,-56.72282172,-6.875493542,0.572727273,-0.257954545,0.85
0.060254097,-12.0321137,-41.82591904,-17.76169165,0.561363636,-0.134090909,0.719318182
0.062764645,-9.167324722,-14.32394488,-16.61577606,0.789772727,-0.203409091,0.760227273
0.065275192,6.302535746,94.5380362,-10.31324031,0.292045455,0.353409091,1.418181818
0.067785263,-76.77634455,59.58761069,1.718873385,0.0875,0.346590909,1.360227273
0.070295811,-98.54874076,-13.75098708,-1.718873385,0.038636364,-0.1125,1.2
0.072806358,89.95437384,8.021409132,16.61577606,0.113636364,-0.423863636,0.519318182
0.075316906,93.39212061,16.04281826,22.91831181,-0.034090909,-0.371590909,0.755681818
0.07782793,95.68395179,9.740282517,14.89690267,-0.105681818,-0.2125,0.953409091
0.080338478,50.42028597,-3.437746771,12.60507149,-0.052272727,0.598863636,1.070454545
0.082849026,64.74423085,5.729577951,16.61577606,0.103409091,0.754545455,0.930681818
0.085359573,2.291831181,-9.740282517,17.76169165,0.1625,0.727272727,0.7875
0.087869644,-12.60507149,2.864788976,10.31324031,0.128409091,0.751136364,0.815909091
0.090380192,-110.0078967,2.291831181,-12.0321137,-0.025,0.039772727,1.064772727
0.092891216,-96.82986738,-13.75098708,-19.48056503,-0.005681818,-0.198863636,1.010227273
0.095401764,-50.99324377,13.17802929,-6.875493542,-0.040909091,-0.407954545,0.986363636
0.097912312,-41.25296125,14.89690267,-8.021409132,0,-0.428409091,1.022727273
0.100422859,92.24620502,12.60507149,2.864788976,-0.085227273,-0.655681818,0.702272727
0.102933407,126.0507149,14.89690267,13.17802929,-0.081818182,-0.323863636,1.036363636
0.105444431,89.95437384,12.0321137,7.448451337,-0.115909091,-0.101136364,1.0125
0.107954502,87.66254266,2.291831181,7.448451337,-0.104545455,-0.064772727,0.989772727
0.11046505,9.167324722,-11.4591559,11.4591559,0.044318182,0.584090909,0.964772727
0.112975597,49.27437038,-23.4912696,1.14591559,-0.078409091,0.585227273,0.927272727
0.115486145,20.05352283,-12.60507149,-5.156620156,0.096590909,0.5875,0.904545455
0.117996693,15.46986047,-5.729577951,0,0.068181818,0.634090909,0.923863636
0.120507717,-12.0321137,18.90760724,1.718873385,0.119318182,0.044318182,1.0625
0.123018265,-24.63718519,-1.14591559,-2.864788976,0.197727273,-0.030681818,0.989772727
0.125528812,-7.448451337,0,8.021409132,0.222727273,0.064772727,1.128409091
0.128038883,-18.33464944,13.75098708,14.32394488,0.247727273,0.005681818,1.097727273
0.130549431,41.82591904,-9.740282517,25.21014299,-0.014772727,-0.109090909,0.978409091
0.133059979,47.555497,17.18873385,1.718873385,-0.038636364,-0.110227273,1.020454545
0.135571003,-0.572957795,-16.04281826,10.31324031,-0.005681818,-0.068181818,1.075
0.138081551,25.78310078,5.729577951,6.302535746,-0.030681818,-0.077272727,1.036363636
0.140592098,9.740282517,10.31324031,-4.010704566,0.069318182,0.169318182,1.190909091
0.143102646,5.156620156,3.437746771,-3.437746771,0.077272727,0.148863636,1.2125
0.145613194,0,10.88619811,-9.167324722,0.067045455,0.286363636,1.115909091
0.148123264,6.302535746,-2.864788976,0,0.0625,0.323863636,1.140909091
0.150634289,7.448451337,-0.572957795,7.448451337,0.013636364,0.214772727,1.078409091
0.153144836,8.594366927,4.583662361,9.167324722,0.088636364,0.309090909,1.082954545
0.155655384,15.46986047,20.05352283,12.0321137,0.085227273,0.403409091,1.043181818
0.158165932,34.37746771,30.93972094,6.302535746,0.0875,0.379545455,1.054545455
0.160676479,-41.25296125,1.718873385,2.291831181,-0.138636364,0.289772727,0.9375
0.163187504,-40.68000345,-4.010704566,7.448451337,-0.160227273,0.193181818,1.089772727
0.165698051,-19.48056503,-5.729577951,-1.718873385,-0.125,0.036363636,1.102272727
0.168208122,-12.60507149,-8.021409132,2.864788976,-0.130681818,0.030681818,1.131818182
0.17071867,-0.572957795,6.302535746,-8.594366927,-0.053409091,0.021590909,1.088636364
0.173229218,1.14591559,13.75098708,-4.583662361,-0.089772727,0.054545455,1.113636364
0.175739765,8.021409132,8.021409132,9.740282517,-0.095454545,0.164772727,1.060227273
0.17825079,10.88619811,4.583662361,-0.572957795,-0.040909091,0.397727273,1.142045455
0.180761337,20.62648062,6.302535746,6.302535746,-0.043181818,0.343181818,1.220454545
0.183271885,-21.19943842,10.88619811,3.437746771,-0.081818182,0.257954545,1.161363636
0.185782433,-24.0642274,1.718873385,-7.448451337,-0.072727273,-0.05,0.979545455
0.188292503,-11.4591559,11.4591559,1.718873385,-0.089772727,-0.0875,0.982954545
0.190803051,1.14591559,13.75098708,9.740282517,-0.105681818,-0.115909091,0.970454545
0.193313599,2.291831181,9.167324722,10.31324031,-0.109090909,-0.135227273,0.932954545
0.195824623,-0.572957795,-5.156620156,-15.46986047,-0.140909091,0.054545455,1.101136364
0.198335171,4.583662361,8.594366927,-10.88619811,-0.195454545,0.010227273,1.111363636
0.200845718,-4.010704566,-4.010704566,-16.04281826,-0.104545455,-0.061363636,1.05
0.203356266,0,-4.010704566,-13.17802929,-0.142045455,0.038636364,1.096590909
0.205867291,-6.302535746,4.010704566,-1.14591559,-0.013636364,-0.0625,1.082954545
0.208376885,8.594366927,-5.156620156,-1.14591559,-0.017045455,-0.042045455,1.064772727
0.210887909,2.864788976,18.90760724,5.729577951,-0.020454545,-0.034090909,1.101136364
0.213398457,-2.864788976,8.594366927,3.437746771,-0.065909091,-0.039772727,1.15
0.215909004,7.448451337,-12.0321137,3.437746771,-0.010227273,0.029545455,1.051136364
0.218419552,7.448451337,2.864788976,8.021409132,0.056818182,0.043181818,1.122727273
0.220930576,-4.010704566,14.32394488,2.864788976,0.014772727,0.067045455,1.088636364
0.223441124,-10.88619811,18.90760724,4.010704566,0.009090909,0.038636364,1.098863636
0.225951672,10.31324031,2.864788976,12.0321137,-0.013636364,0.122727273,1.048863636
0.228461742,4.010704566,5.156620156,-1.14591559,0.001136364,0.143181818,1.095454545
0.23097229,7.448451337,12.0321137,-8.021409132,-0.007954545,0.128409091,1.040909091
0.233482838,0,14.89690267,14.32394488,-0.075,0.179545455,1.078409091
0.235993385,-2.864788976,11.4591559,0,-0.018181818,0.1,1.094318182
0.23850441,-1.14591559,1.718873385,4.010704566,-0.035227273,0.107954545,1.082954545
0.241014957,1.14591559,8.021409132,-1.718873385,0.001136364,0.121590909,1.090909091
0.243525505,4.583662361,1.14591559,-2.291831181,-0.026136364,0.114772727,1.077272727
0.246036053,10.88619811,16.04281826,4.583662361,-0.030681818,0.194318182,1.054545455
0.248546124,-8.594366927,3.437746771,2.864788976,-0.061363636,0.247727273,1.070454545
0.251056671,-14.32394488,1.718873385,0,-0.035227273,0.218181818,1.071590909
0.253567696,-0.572957795,1.14591559,17.76169165,-0.090909091,0.198863636,1.060227273
0.256078243,-5.729577951,0,0.572957795,-0.197727273,0.186363636,1.089772727
0.258588791,-3.437746771,-0.572957795,9.740282517,-0.110227273,0.173863636,1.071590909
0.261099339,-5.729577951,-4.010704566,5.156620156,-0.101136364,0.146590909,1.117045455
0.263609886,-11.4591559,2.291831181,-10.31324031,-0.044318182,0.164772727,1.047727273
0.266120911,-8.594366927,0,-9.167324722,-0.081818182,0.101136364,1.111363636
0.268630982,-5.156620156,-1.718873385,-5.156620156,-0.089772727,0.109090909,1.086363636
0.271141529,-4.010704566,-1.14591559,12.60507149,-0.109090909,0.095454545,1.127272727
0.273652077,-13.75098708,-5.156620156,2.291831181,-0.077272727,0.084090909,1.069318182
0.276162624,-4.010704566,-1.14591559,1.14591559,-0.089772727,0.086363636,1.105681818
0.278673172,-5.729577951,0.572957795,-4.583662361,-0.026136364,0.118181818,1.106818182
0.281184197,-6.302535746,4.010704566,-5.156620156,0.004545455,0.0625,1.102272727
0.283694744,-5.156620156,0.572957795,-1.718873385,-0.030681818,0.102272727,1.101136364
0.286205292,-5.729577951,2.291831181,-2.291831181,0.035227273,0.054545455,1.119318182
0.288715363,-2.864788976,5.156620156,-3.437746771,0.010227273,0.072727273,1.121590909
0.29122591,-5.156620156,-1.718873385,-7.448451337,-0.020454545,0.05,1.086363636
0.293736458,2.864788976,5.156620156,-1.14591559,-0.014772727,0.021590909,1.102272727
0.296247482,0.572957795,3.437746771,-4.583662361,-0.004545455,0.042045455,1.092045455
0.29875803,0,2.291831181,-2.291831181,0.022727273,0.042045455,1.088636364
0.301268578,0.572957795,4.583662361,4.010704566,0.017045455,-0.023863636,1.104545455
0.303779125,-1.14591559,4.583662361,4.010704566,-0.002272727,0.017045455,1.090909091
0.306289673,-8.021409132,4.583662361,-0.572957795,0.05,-0.014772727,1.095454545
0.308799744,-4.010704566,1.718873385,5.156620156,-0.036363636,-0.027272727,1.1
0.311310768,1.14591559,11.4591559,-3.437746771,-0.054545455,-0.038636364,1.114772727
0.313821316,-9.740282517,-7.448451337,-5.729577951,-0.078409091,-0.042045455,1.081818182
0.316331863,4.583662361,6.302535746,-2.864788976,-0.1,0.019318182,1.109090909
0.318842411,7.448451337,8.594366927,-6.302535746,-0.044318182,0.003409091,1.040909091
0.321352959,9.740282517,6.302535746,0,-0.077272727,0.036363636,1.1125
0.323863983,14.32394488,26.92901637,18.33464944,-0.102272727,0.042045455,1.118181818
0.326374531,2.864788976,28.07493196,4.583662361,-0.151136364,0.136363636,1.092045455
0.328884602,-0.572957795,27.50197417,8.594366927,-0.2,0.157954545,0.961363636
0.331395149,1.718873385,-9.740282517,57.29577951,-0.5875,0.365909091,1.131818182
0.333905697,-30.36676314,-48.12845479,63.59831526,-0.571590909,0.378409091,1.207954545
0.336416245,-52.13915936,-61.30648408,44.69070802,-0.330681818,0.379545455,1.264772727
0.338927269,-34.37746771,-23.4912696,-44.69070802,0.231818182,-0.115909091,0.903409091
0.341437817,-16.04281826,-22.91831181,-60.73352628,0.351136364,-0.0375,0.930681818
0.343948364,-21.19943842,-26.92901637,-60.73352628,0.335227273,-0.078409091,0.903409091
0.346458912,5.156620156,69.90085101,8.594366927,-0.286363636,0.2125,1.163636364
0.348968983,-21.77239621,23.4912696,6.875493542,-0.496590909,0.115909091,1.044318182
0.35147953,-24.63718519,36.66929889,-8.594366927,-0.510227273,0.157954545,0.917045455
0.353990078,-8.021409132,-25.21014299,19.48056503,-0.170454545,0.236363636,1.201136364
0.356501103,0.572957795,-5.729577951,4.010704566,-0.169318182,0.219318182,1.077272727
0.35901165,-10.31324031,0,-23.4912696,-0.026136364,0.226136364,1.095454545
0.361522198,-1.718873385,-2.864788976,4.010704566,-0.017045455,0.039772727,1.120454545
0.364032745,-8.594366927,18.33464944,-9.167324722,-0.0375,0.038636364,1.052272727
0.36654377,2.291831181,4.010704566,-9.740282517,0,0.048863636,1.105681818
0.369053364,-12.60507149,0.572957795,-1.718873385,-0.004545455,-0.0375,1.054545455
0.371564388,-5.156620156,-2.291831181,1.14591559,-0.060227273,-0.036363636,1.148863636
0.374074936,-4.583662361,-5.729577951,-1.718873385,0.0125,-0.064772727,1.068181818
0.376585484,9.740282517,24.0642274,-9.740282517,-0.054545455,-0.052272727,1.075
0.379096031,13.17802929,9.167324722,-8.021409132,-0.143181818,-0.060227273,1.1
0.381607056,5.729577951,16.04281826,-3.437746771,-0.140909091,-0.030681818,1.111363636
0.384117603,-13.17802929,-9.740282517,0,-0.143181818,-0.025,1.127272727
0.386628151,-5.156620156,15.46986047,6.875493542,-0.072727273,0.001136364,1.048863636
0.389138222,1.718873385,-3.437746771,13.17802929,-0.131818182,0.040909091,1.126136364
0.391648769,-2.864788976,0,-0.572957795,0.006818182,0.05,1.160227273
0.394159317,-12.60507149,6.302535746,-9.167324722,-0.064772727,0.005681818,1.132954545
0.396669865,-4.583662361,-1.14591559,-2.864788976,0.048863636,0.029545455,1.0875
0.399180889,-2.864788976,-9.167324722,11.4591559,-0.070454545,0.007954545,1.136363636
0.401691437,1.14591559,6.875493542,12.0321137,0.098863636,0.123863636,1.139772727
0.404201984,-8.594366927,6.875493542,16.04281826,0.007954545,0.063636364,1.036363636
0.406712532,-1.14591559,1.718873385,10.88619811,-0.121590909,-0.081818182,1.146590909
0.409222603,-8.594366927,-7.448451337,29.22084755,-0.023863636,-0.153409091,1.106818182
0.411733151,10.88619811,-8.594366927,55.00394833,-0.019318182,-0.077272727,1.140909091
0.414244175,16.61577606,9.167324722,21.77239621,-0.039772727,0.081818182,0.890909091
0.416754723,-2.864788976,8.594366927,25.78310078,-0.055681818,0.020454545,1.073863636
0.41926527,-28.07493196,0,-3.437746771,-0.029545455,0.014772727,1.271590909
0.421775818,-17.18873385,-0.572957795,-1.14591559,-0.113636364,0.161363636,1.193181818
0.424286366,4.010704566,17.18873385,-10.88619811,-0.136363636,0.055681818,0.955681818
0.42679739,-13.75098708,8.021409132,-8.021409132,-0.193181818,-0.011363636,0.971590909
0.429307461,-8.594366927,1.14591559,14.32394488,0.043181818,-0.123863636,1.073863636
0.431818009,6.302535746,15.46986047,-5.729577951,-0.069318182,0.095454545,1.225
0.434328556,4.583662361,-1.718873385,-9.740282517,-0.069318182,0.079545455,1.189772727
0.436839104,-8.594366927,-2.864788976,2.291831181,0.0625,-0.020454545,1.0375
0.439349651,-1.718873385,-4.583662361,12.60507149,0.072727273,-0.034090909,0.893181818
0.441860676,12.0321137,4.583662361,17.76169165,0.020454545,-0.070454545,1.003409091
0.444371224,-17.76169165,-4.010704566,-11.4591559,-0.081818182,-0.140909091,1.1125
0.446881771,-13.17802929,-9.167324722,-10.88619811,0.072727273,-0.032954545,1.120454545
0.449392319,12.0321137,3.437746771,-10.88619811,0.165909091,0.009090909,1.025
0.45190239,-6.302535746,6.302535746,-23.4912696,-0.078409091,0.085227273,0.914772727
0.454412937,-4.010704566,25.21014299,-37.81521448,-0.194318182,-0.0125,0.932954545
0.456923962,-13.17802929,-4.583662361,-9.740282517,-0.043181818,0.007954545,1.195454545
0.459434509,6.875493542,19.48056503,-16.61577606,-0.001136364,-0.022727273,1.330681818
0.461945057,13.75098708,14.89690267,-9.167324722,-0.045454545,0.140909091,1.177272727
0.464455604,-0.572957795,-3.437746771,30.36676314,-0.047727273,0.155681818,1.0125
0.466966152,-1.718873385,2.291831181,2.864788976,0.123863636,0.026136364,0.918181818
0.469477177,-2.291831181,-1.718873385,13.17802929,0.035227273,-0.0625,0.995454545
0.471986771,-5.729577951,4.583662361,2.864788976,0.031818182,-0.028409091,1.25
0.474497795,0.572957795,-21.77239621,-16.04281826,-0.019318182,0.027272727,1.310227273
0.477008343,2.864788976,8.021409132,-5.729577951,0.069318182,0.059090909,1.102272727
0.47951889,-5.729577951,-2.291831181,5.156620156,0.121590909,0.028409091,0.945454545
0.48705101,-18.33464944,-6.302535746,-2.864788976,-0.145454545,-0.103409091,0.994318182
0.489561081,-11.4591559,9.740282517,-9.167324722,-0.123863636,-0.132954545,1.047727273
0.492071628,-12.0321137,-8.021409132,-10.31324031,-0.031818182,-0.136363636,1.204545455
0.494582176,-2.291831181,1.718873385,-12.60507149,-0.055681818,-0.088636364,1.206818182
0.497092724,5.156620156,-10.31324031,-3.437746771,0.039772727,-0.022727273,0.969318182
0.499603748,-2.291831181,5.729577951,-7.448451337,0.086363636,-0.071590909,0.909090909
0.502114296,9.167324722,22.91831181,12.60507149,-0.004545455,-0.203409091,1.134090909
0.504624843,-19.48056503,13.17802929,-17.76169165,-0.072727273,-0.165909091,1.239772727
0.507135391,15.46986047,8.594366927,7.448451337,0.010227273,0.006818182,0.964772727
0.509645939,-6.875493542,-1.718873385,6.302535746,-0.257954545,-0.047727273,1.042045455
0.51215601,-2.864788976,-9.167324722,11.4591559,-0.020454545,-0.088636364,0.9625
0.514666557,0.572957795,5.156620156,5.729577951,-0.071590909,-0.143181818,0.979545455
0.517177582,-4.010704566,16.61577606,-6.875493542,-0.094318182,-0.246590909,1.104545455
0.519688129,-3.437746771,-10.31324031,6.875493542,0.0125,-0.068181818,1.336363636
0.522198677,1.14591559,-4.583662361,7.448451337,0.043181818,-0.011363636,1.179545455
0.524709225,-4.010704566,-2.864788976,-2.291831181,0.023863636,-0.082954545,0.95
0.527220249,-12.0321137,2.291831181,-6.302535746,-0.079545455,-0.011363636,1.010227273
0.529730797,-24.63718519,13.17802929,-14.89690267,-0.136363636,-0.101136364,1.065909091
0.532240868,-18.90760724,-6.302535746,-6.302535746,-0.161363636,-0.094318182,1.201136364
0.534751415,-1.14591559,1.14591559,8.021409132,-0.131818182,-0.1375,1.101136364
0.537261963,6.302535746,-9.167324722,6.875493542,-0.0375,0.001136364,1.143181818
0.53977251,5.156620156,3.437746771,14.32394488,-0.0125,-0.042045455,1.044318182
0.542283535,6.875493542,-4.583662361,30.36676314,0.078409091,-0.059090909,1.068181818
0.544794083,-4.010704566,-2.864788976,9.167324722,0.184090909,-0.093181818,1.030681818
0.54730463,-5.156620156,9.167324722,-2.864788976,0.155681818,-0.157954545,0.961363636
0.549815178,0,0,34.9504255,0.069318182,-0.036363636,1.172727273
0.552325249,-17.18873385,-12.0321137,26.92901637,0.175,-0.132954545,1.2125
0.554835796,4.583662361,9.167324722,13.75098708,0.239772727,-0.072727273,0.996590909
0.557346344,1.14591559,5.156620156,10.31324031,-0.020454545,-0.1,1.186363636
0.559857368,-4.583662361,12.60507149,-0.572957795,-0.106818182,-0.020454545,1.098863636
0.562367916,10.88619811,10.88619811,16.61577606,-0.070454545,-0.038636364,1.126136364
0.564878464,10.31324031,-0.572957795,2.291831181,0.126136364,-0.030681818,1.195454545
0.567389011,-7.448451337,1.718873385,-5.729577951,0.129545455,-0.089772727,1.040909091
0.569900036,4.583662361,2.291831181,1.718873385,0.1375,-0.043181818,1.085227273
0.57240963,-1.14591559,4.010704566,16.04281826,-0.080681818,-0.028409091,1.081818182
0.574920654,1.14591559,11.4591559,-1.14591559,-0.079545455,-0.088636364,1.073863636
0.577431202,10.31324031,25.78310078,2.864788976,-0.057954545,-0.004545455,1.032954545
0.579941749,2.864788976,7.448451337,-2.864788976,-0.214772727,0.090909091,1.022727273
0.582452297,9.167324722,4.583662361,6.875493542,-0.244318182,0.077272727,1.059090909
0.584962845,5.729577951,-6.875493542,4.010704566,-0.288636364,0.085227273,1.029545455
0.587473869,-4.010704566,-11.4591559,-5.729577951,0.071590909,-0.004545455,1.076136364
0.589984417,-14.89690267,-8.021409132,-2.864788976,0.104545455,-0.004545455,1.071590909
0.592494965,-13.17802929,-4.010704566,-5.156620156,0.038636364,-0.030681818,1.086363636
0.592494965,-7.448451337,2.864788976,-2.864788976,0.142045455,-0.084090909,1.055681818
0.597515583,-2.291831181,5.729577951,-2.291831181,0.1625,-0.085227273,1.056818182
0.600026131,-3.437746771,5.156620156,-2.864788976,0.1875,-0.069318182,1.073863636
0.600026131,5.729577951,4.583662361,7.448451337,0.023863636,-0.098863636,1.1375
0.602537155,-5.729577951,-1.718873385,4.583662361,0.126136364,-0.064772727,1.127272727
0.605047703,1.718873385,9.740282517,2.291831181,0.023863636,-0.096590909,1.117045455
0.60755825,-4.010704566,1.14591559,-10.31324031,0.195454545,-0.115909091,0.990909091
0.610068798,-6.302535746,1.718873385,-1.718873385,0.153409091,-0.110227273,1.018181818
0.612579822,-12.0321137,17.18873385,0.572957795,0.1,-0.119318182,1.113636364
0.615089416,11.4591559,8.594366927,1.14591559,0.056818182,-0.104545455,1.089772727
0.617600441,8.021409132,9.740282517,-2.291831181,0.092045455,-0.078409091,1.101136364
0.620110989,4.583662361,24.63718519,0,0.114772727,-0.105681818,1.198863636
0.622622013,18.90760724,36.66929889,-3.437746771,-0.079545455,-0.165909091,1.095454545
0.625132084,-17.18873385,5.729577951,-10.31324031,0.109090909,-0.001136364,1.030681818
0.627642631,-10.31324031,0.572957795,8.021409132,0.047727273,-0.056818182,1.059090909
0.630153656,-13.75098708,-0.572957795,4.010704566,0.034090909,-0.082954545,1.106818182
0.632664204,-2.864788976,4.010704566,2.291831181,0.019318182,-0.093181818,1.078409091
0.635174274,-2.291831181,1.14591559,8.021409132,0.021590909,-0.098863636,1.122727273
0.637684822,-2.864788976,5.156620156,3.437746771,0.014772727,-0.081818182,1.086363636
0.64019537,-2.864788976,3.437746771,-0.572957795,0.034090909,-0.070454545,1.097727273
0.642705917,-1.14591559,5.156620156,1.718873385,0.040909091,-0.078409091,1.090909091
0.645216942,-1.14591559,4.010704566,2.864788976,0.030681818,-0.084090909,1.094318182
0.647727489,-4.010704566,2.291831181,2.864788976,0.015909091,-0.095454545,1.123863636
0.650238037,-5.729577951,-2.291831181,0.572957795,0.025,-0.071590909,1.094318182
0.652748585,-3.437746771,4.583662361,2.291831181,0.085227273,-0.076136364,1.056818182
0.655258655,8.021409132,12.60507149,13.17802929,0.036363636,-0.15,1.201136364
0.657769203,4.583662361,2.291831181,6.875493542,0.019318182,-0.161363636,1.114772727
0.660280228,-10.88619811,4.010704566,8.021409132,0.022727273,-0.156818182,1.092045455
0.662790775,-8.021409132,1.14591559,-1.718873385,0.072727273,-0.205681818,1.1
0.665301323,6.302535746,9.167324722,4.010704566,0.032954545,-0.203409091,1.085227273
0.66781187,5.729577951,5.156620156,-2.291831181,0.040909091,-0.167045455,1.080681818
0.670322418,-1.718873385,-2.291831181,-1.14591559,0.059090909,-0.169318182,1.079545455
0.672833443,-6.302535746,1.718873385,-2.291831181,0.045454545,-0.151136364,1.075
0.67534399,-2.864788976,4.010704566,2.864788976,0.019318182,-0.164772727,1.077272727
0.677854061,-1.14591559,0.572957795,-4.583662361,0.042045455,-0.177272727,1.093181818
0.680364609,-3.437746771,0,-6.875493542,0.046590909,-0.145454545,1.076136364
0.682875156,-4.583662361,5.729577951,-4.010704566,0.010227273,-0.163636364,1.081818182
0.685385704,0.572957795,4.583662361,-2.291831181,0.026136364,-0.146590909,1.080681818
0.687896728,-4.583662361,0.572957795,0.572957795,0.031818182,-0.188636364,1.078409091
0.690407276,-3.437746771,1.718873385,0.572957795,0.0125,-0.1875,1.085227273
0.692917824,-2.291831181,3.437746771,1.718873385,0.007954545,-0.182954545,1.096590909
0.695428371,-3.437746771,2.864788976,0,0.030681818,-0.181818182,1.094318182
0.697938442,-2.864788976,1.718873385,0.572957795,0.002272727,-0.157954545,1.075
0.70044899,-4.010704566,1.718873385,1.14591559,0.007954545,-0.179545455,1.096590909
0.702960014,-3.437746771,2.291831181,1.718873385,0.0375,-0.177272727,1.097727273
0.705470562,1.14591559,3.437746771,0.572957795,0.011363636,-0.164772727,1.069318182
0.70798111,9.167324722,18.33464944,7.448451337,-0.002272727,-0.126136364,1.081818182
0.710491657,32.65859432,41.82591904,15.46986047,-0.007954545,-0.089772727,1.003409091
0.713002205,32.65859432,52.71211715,32.65859432,-0.238636364,0.061363636,0.997727273
0.715513229,33.80450991,50.42028597,38.96113007,-0.234090909,0.128409091,0.982954545
0.718022823,-38.96113007,-41.82591904,36.66929889,-0.179545455,0.270454545,1.286363636
0.720533848,-45.83662361,-47.555497,17.76169165,-0.053409091,0.105681818,1.210227273
0.723044395,-53.28507495,-30.93972094,-6.302535746,0.206818182,-0.0625,1.138636364
0.725554943,-38.96113007,-25.78310078,-9.167324722,0.179545455,-0.122727273,1.072727273
0.728065491,-18.33464944,-10.31324031,-34.37746771,0.563636364,-0.328409091,0.801136364
0.730576515,-33.80450991,-9.167324722,-38.96113007,0.622727273,-0.257954545,0.8375
0.733087063,37.24225668,84.79775368,-30.93972094,0.619318182,-0.135227273,0.919318182
0.73559761,16.04281826,82.5059225,-15.46986047,0.527272727,-0.170454545,1.047727273
0.738107681,11.4591559,37.81521448,15.46986047,-0.2,0.059090909,1.0625
0.740618229,4.010704566,13.17802929,27.50197417,-0.242045455,0.067045455,1.081818182
0.743128776,-27.50197417,-39.53408786,20.62648062,-0.285227273,0.104545455,1.122727273
0.745639324,-22.91831181,-36.09634109,14.32394488,-0.127272727,0.125,1.042045455
0.748150349,-18.90760724,-8.021409132,-8.594366927,0.153409091,-0.079545455,1.060227273
0.750660896,-14.32394488,-4.010704566,-5.729577951,0.103409091,-0.117045455,1.115909091
0.753171444,1.14591559,2.291831181,0.572957795,0.151136364,-0.098863636,1.130681818
0.755681992,-10.88619811,-1.14591559,-1.718873385,0.168181818,-0.154545455,1.061363636
0.758192062,-2.291831181,1.14591559,3.437746771,0.196590909,-0.146590909,1.070454545
0.76070261,-0.572957795,5.729577951,-1.14591559,0.171590909,-0.182954545,1.059090909
0.763213634,4.010704566,8.594366927,-1.14591559,0.107954545,-0.157954545,1.144318182
0.765724182,-1.14591559,20.62648062,-5.729577951,0.2625,-0.188636364,1.071590909
0.76823473,0.572957795,-0.572957795,53.85803274,0.118181818,-0.148863636,1.063636364
0.770745277,4.010704566,8.021409132,55.00394833,0.059090909,-0.146590909,1.048863636
0.773256302,-9.740282517,-8.594366927,53.85803274,0.084090909,-0.201136364,1.117045455
0.775766849,-14.32394488,-9.167324722,50.99324377,-0.013636364,-0.134090909,1.167045455
0.778277397,9.740282517,2.864788976,16.04281826,0.192045455,-0.354545455,0.998863636
0.780787468,4.010704566,12.60507149,23.4912696,0.127272727,-0.322727273,1.117045455
0.783298016,-1.14591559,4.583662361,11.4591559,0.060227273,-0.018181818,1.167045455
0.785808563,0,6.875493542,6.875493542,0.040909091,0.075,1.059090909
0.788319111,-5.729577951,1.718873385,-2.291831181,0.110227273,0.102272727,1.189772727
0.790830135,10.31324031,8.594366927,5.729577951,0.134090909,-0.001136364,1.180681818
0.793340683,-0.572957795,16.04281826,5.729577951,0.145454545,-0.078409091,1.095454545
0.795851231,-6.875493542,8.021409132,3.437746771,0.101136364,-0.214772727,1.048863636
0.798361778,2.864788976,9.167324722,17.76169165,-0.086363636,-0.107954545,1.202272727
0.800871849,-20.62648062,-4.583662361,2.864788976,-0.029545455,-0.115909091,1.203409091
0.803382397,-5.729577951,-2.864788976,5.729577951,0.093181818,-0.007954545,1.075
0.805893421,4.583662361,-1.14591559,7.448451337,0.170454545,-0.015909091,1.018181818
0.808403969,-9.167324722,-4.583662361,-21.19943842,0.135227273,-0.026136364,1.184090909
0.810914516,6.875493542,6.875493542,-8.594366927,0.127272727,-0.0125,1.025
0.813425064,-4.583662361,2.291831181,-2.864788976,0.026136364,-0.019318182,1.047727273
0.815935612,5.729577951,3.437746771,1.14591559,0.0375,-0.092045455,1.043181818
0.818446636,-1.718873385,5.729577951,7.448451337,0.184090909,0.011363636,1.022727273
0.820956707,-1.718873385,6.875493542,7.448451337,0.146590909,-0.082954545,0.984090909
0.823467255,-8.021409132,13.17802929,-1.14591559,0.130681818,-0.160227273,1.086363636
0.825977802,-13.75098708,5.156620156,-2.864788976,0.143181818,-0.179545455,1.151136364
0.82848835,0.572957795,-1.14591559,1.14591559,0.073863636,-0.155681818,1.073863636
0.830998898,-7.448451337,-0.572957795,2.291831181,0.064772727,-0.195454545,1.082954545
0.833509922,-6.875493542,-12.0321137,5.156620156,0.188636364,-0.077272727,1.207954545
0.83602047,-6.302535746,-8.594366927,2.291831181,0.227272727,-0.061363636,1.05
0.838531017,-3.437746771,2.864788976,-8.021409132,0.228409091,-0.134090909,1.180681818
0.841041088,-2.864788976,8.594366927,-12.0321137,0.090909091,-0.034090909,1.075
0.843551636,2.291831181,-1.14591559,-6.302535746,0.105681818,-0.115909091,0.948863636
0.846062183,10.88619811,4.010704566,5.156620156,0.269318182,-0.086363636,1.004545455
0.848573208,-5.729577951,3.437746771,5.729577951,0.2875,-0.139772727,0.982954545
0.851083755,-20.05352283,8.021409132,0,0.181818182,-0.165909091,1.155681818
0.853594303,-10.31324031,7.448451337,-5.156620156,0.213636364,-0.210227273,1.261363636
0.856104851,-1.718873385,6.875493542,18.33464944,-0.005681818,-0.213636364,1.144318182
0.858615398,-18.33464944,-15.46986047,14.32394488,0.122727273,-0.25,1.115909091
0.861126423,5.729577951,-16.04281826,4.010704566,0.170454545,-0.111363636,1.080681818
0.863636017,-3.437746771,8.021409132,-8.594366927,0.109090909,-0.039772727,1.172727273
0.866147041,-0.572957795,9.740282517,-6.302535746,0.0125,-0.002272727,1.0625
0.868657589,1.718873385,10.88619811,-10.31324031,0.021590909,-0.123863636,1.018181818
0.871168137,10.88619811,10.31324031,-0.572957795,0.126136364,-0.2,1.096590909
0.873678684,7.448451337,9.167324722,9.740282517,0.159090909,-0.240909091,1.054545455
0.876189709,-13.75098708,-10.88619811,8.021409132,0.072727273,-0.130681818,1.226136364
0.878700256,-10.31324031,-15.46986047,-2.291831181,0.128409091,-0.026136364,1.136363636
0.881210804,6.302535746,6.875493542,-3.437746771,0.192045455,-0.089772727,1.070454545
0.883720875,6.302535746,-8.594366927,5.729577951,0.271590909,-0.2125,0.973863636
0.886231422,-6.302535746,4.010704566,-4.010704566,-0.031818182,-0.085227273,1.039772727
0.88874197,0,4.583662361,6.302535746,-0.028409091,-0.195454545,1.020454545
0.891252995,-8.594366927,-7.448451337,7.448451337,0.131818182,-0.155681818,1.231818182
0.893763542,3.437746771,-6.302535746,22.91831181,0.156818182,-0.185227273,1.215909091
0.89627409,4.010704566,10.31324031,2.291831181,0.218181818,-0.328409091,1.115909091
0.898784637,9.740282517,16.61577606,3.437746771,0.175,-0.246590909,1.260227273
0.901295185,-2.864788976,5.729577951,-6.875493542,0.135227273,-0.006818182,1.003409091
0.903805256,6.875493542,5.729577951,1.14591559,0.278409091,-0.106818182,1.078409091
0.906315804,1.14591559,2.864788976,5.729577951,0.2,-0.081818182,0.959090909
0.908826828,-7.448451337,10.31324031,-4.010704566,0.203409091,-0.217045455,1.071590909
0.911337376,-16.04281826,0,-20.62648062,0.105681818,-0.084090909,1.1375
0.913847923,4.010704566,-2.291831181,0.572957795,0.2875,-0.122727273,1.147727273
0.916358471,6.302535746,11.4591559,4.583662361,0.251136364,-0.011363636,1.067045455
0.918869495,16.04281826,13.17802929,13.75098708,0.0625,-0.076136364,1.085227273
0.921380043,9.740282517,8.594366927,11.4591559,0.052272727,-0.055681818,1.020454545
0.923890591,-17.76169165,-15.46986047,11.4591559,0.209090909,0.007954545,1.221590909
0.926400661,9.740282517,5.729577951,10.31324031,0.1,0.1125,1.3
0.928911209,7.448451337,11.4591559,11.4591559,0.007954545,0.072727273,1.085227273
0.931421757,5.729577951,13.75098708,22.91831181,0.014772727,0.044318182,1.040909091
0.933932781,21.19943842,42.97183463,3.437746771,-0.398863636,0.153409091,0.878409091
0.936443329,16.61577606,33.23155212,-3.437746771,-0.4875,0.188636364,0.9125
0.938953876,5.729577951,-18.33464944,-14.89690267,-0.544318182,0.210227273,0.980681818
0.941464424,-16.04281826,-67.60901983,4.583662361,0.406818182,0.030681818,1.143181818
0.943974972,-1.718873385,-34.9504255,-3.437746771,0.515909091,-0.064772727,0.936363636
0.946485043,-4.010704566,-45.83662361,3.437746771,0.719318182,-0.114772727,0.861363636
0.94899559,54.43099054,77.34930234,-18.90760724,0.476136364,0.075,1.129545455
0.951506615,53.85803274,80.21409132,-7.448451337,0.195454545,0.135227273,0.980681818
0.954017162,26.35605858,79.06817573,-5.156620156,-0.239772727,0.207954545,0.996590909
0.95652771,21.19943842,71.61972439,-2.291831181,-0.284090909,0.325,1.018181818
0.959038258,-22.34535401,-19.48056503,10.88619811,-0.364772727,0.264772727,0.956818182
0.961549282,-14.89690267,-14.32394488,0,-0.389772727,0.168181818,1.093181818
0.96405983,5.156620156,-13.17802929,-21.77239621,-0.302272727,0.379545455,1.2125
0.966569901,29.79380535,60.73352628,-4.010704566,-0.465909091,0.392045455,0.961363636
0.969080448,19.48056503,53.28507495,-9.167324722,-0.339772727,0.503409091,0.786363636
0.971590996,-16.61577606,-0.572957795,15.46986047,-0.4875,0.431818182,0.857954545
0.974101543,-75.63042896,18.90760724,-24.0642274,-0.104545455,-0.156818182,1.082954545
0.976612091,-69.32789321,13.75098708,-20.62648062,-0.154545455,-0.360227273,0.909090909
0.979123116,-57.86873731,-9.740282517,-6.302535746,-0.081818182,-0.747727273,0.915909091
0.981633663,-52.71211715,-0.572957795,-13.75098708,-0.121590909,-0.692045455,0.922727273
0.984144211,36.66929889,8.594366927,0,-0.070454545,-0.764772727,0.569318182
0.986654282,53.85803274,6.875493542,7.448451337,-0.036363636,-0.730681818,0.727272727
0.989164829,76.77634455,-6.302535746,5.729577951,-0.138636364,-0.432954545,0.994318182
0.991675377,19.48056503,-8.594366927,-2.864788976,0.188636364,-0.101136364,1.125
0.994186401,25.78310078,-11.4591559,2.291831181,0.1,0.088636364,1.102272727
0.996696949,8.021409132,-9.740282517,-1.718873385,0.210227273,0.027272727,1.059090909
0.999207497,5.156620156,-2.864788976,1.14591559,0.188636364,0.046590909,1.067045455
1.001718044,-79.06817573,13.75098708,5.156620156,-0.003409091,-0.0875,1.220454545
1.004229069,-73.33859778,16.61577606,5.156620156,-0.043181818,-0.322727273,1.093181818
1.006739616,-52.13915936,12.0321137,5.729577951,-0.029545455,-0.626136364,0.954545455
1.009249687,71.0467666,7.448451337,5.729577951,-0.023863636,-0.720454545,0.581818182
1.011760235,73.33859778,14.89690267,0,-0.035227273,-0.655681818,0.821590909
1.014270782,105.4242343,-18.90760724,-6.302535746,-0.105681818,-0.279545455,0.965909091
1.01678133,44.69070802,-6.875493542,10.31324031,0.094318182,0.682954545,0.884090909
1.019291878,31.51267873,-2.864788976,6.302535746,0.093181818,0.720454545,0.842045455
1.021802902,17.76169165,-0.572957795,14.89690267,0.113636364,0.895454545,0.804545455
1.02431345,-14.89690267,-14.32394488,9.167324722,0.176136364,0.790909091,0.884090909
1.026823998,-89.38141604,2.864788976,-1.14591559,0.046590909,0.229545455,1.069318182
1.029334545,-79.64113352,18.33464944,-8.021409132,0.084090909,0.003409091,1.017045455
1.031844616,-77.92226014,41.25296125,0,0.045454545,-0.361363636,1.064772727
1.034355164,44.11775023,-8.021409132,13.17802929,-0.115909091,-0.4125,0.963636364
1.036866188,9.167324722,-2.291831181,-5.156620156,-0.190909091,-0.411363636,1.164772727
1.039376736,9.167324722,-2.864788976,-8.021409132,-0.2125,-0.251136364,1.106818182
1.041887283,4.010704566,-1.14591559,2.864788976,-0.184090909,-0.186363636,1.073863636
1.044397831,6.302535746,16.04281826,7.448451337,-0.014772727,-0.257954545,1.079545455
1.046908379,6.302535746,24.0642274,37.24225668,0.0375,-0.277272727,1.097727273
1.049419403,-4.010704566,-33.80450991,160.4281826,0.786363636,-0.2125,1.086363636
1.051929474,32.65859432,250.9555143,-14.89690267,-0.348863636,0.054545455,1.402272727
1.054440022,20.05352283,208.5566374,11.4591559,-0.514772727,0.185227273,0.901136364
1.056950569,-73.33859778,-49.84732818,16.61577606,-0.404545455,0.219318182,0.630681818
1.059461117,33.23155212,153.5526891,-21.19943842,0.835227273,-0.077272727,1.002272727
1.061971664,45.83662361,146.1042378,-2.864788976,0.610227273,-0.173863636,1.070454545
1.064482689,23.4912696,68.18197762,-13.17802929,0.207954545,0.036363636,1.013636364
1.066993237,-25.21014299,-0.572957795,6.875493542,0.005681818,-0.040909091,1.059090909
1.069503784,-2.291831181,-1.14591559,-4.583662361,-0.043181818,-0.042045455,1.069318182
1.072013855,10.31324031,10.31324031,-33.80450991,-0.054545455,-0.067045455,1.069318182
1.074524403,-9.167324722,1.718873385,22.34535401,0.097727273,-0.1125,1.029545455
1.07703495,-5.729577951,17.76169165,34.9504255,-0.018181818,-0.089772727,1.015909091
1.079545975,19.48056503,-2.864788976,1.14591559,-0.128409091,0.006818182,1.034090909
1.082056522,9.740282517,-19.48056503,5.156620156,-0.197727273,0.052272727,1.104545455
1.08456707,-8.594366927,-8.021409132,2.291831181,0.095454545,0.167045455,1.139772727
1.087077618,-9.167324722,-5.729577951,1.14591559,0.160227273,0.018181818,1.072727273
1.089588165,-14.89690267,-1.718873385,2.864788976,0.117045455,-0.010227273,1.061363636
1.09209919,9.167324722,4.010704566,24.0642274,0.023863636,0.122727273,1.146590909
1.094608784,-0.572957795,0.572957795,13.75098708,-0.036363636,0.096590909,1.060227273
1.097119808,-13.75098708,1.718873385,14.89690267,-0.029545455,-0.046590909,1.034090909
1.099630356,13.17802929,8.021409132,3.437746771,0.118181818,-0.044318182,1.056818182
1.102140903,-13.75098708,9.167324722,-4.010704566,0.030681818,-0.085227273,1.106818182
1.104651451,-58.4416951,12.0321137,-10.31324031,0.079545455,-0.109090909,1.389772727
1.107162476,-14.89690267,1.718873385,-1.14591559,-0.1625,-0.906818182,0.469318182
1.109673023,64.74423085,14.32394488,24.0642274,-0.227272727,-0.731818182,0.430681818
1.112183571,147.8231111,-4.583662361,44.69070802,-0.148863636,-0.432954545,0.5875
1.114693642,63.02535746,1.14591559,15.46986047,-0.089772727,0.579545455,0.919318182
1.117204189,1.718873385,1.14591559,24.63718519,-0.032954545,0.601136364,1.030681818
1.119714737,-59.58761069,21.77239621,9.740282517,-0.073863636,0.471590909,0.997727273
1.122225761,-94.5380362,28.64788976,2.864788976,0.004545455,-0.523863636,1.060227273
1.124736309,-86.51662706,41.25296125,-13.17802929,-0.080681818,-0.557954545,0.975
1.127246857,-18.33464944,13.17802929,-3.437746771,-0.175,-0.651136364,0.743181818
1.129757404,96.82986738,15.46986047,13.17802929,-0.031818182,0.090909091,1.367045455
1.132267952,89.38141604,-30.36676314,6.875493542,0.022727273,0.151136364,1.057954545
1.134778023,68.75493542,12.0321137,12.60507149,-0.026136364,0.334090909,1.160227273
1.13728857,-28.07493196,-63.02535746,5.156620156,0.1625,0.051136364,1.219318182
1.139799595,-46.40958141,-88.80845825,4.010704566,0.484090909,0.077272727,0.910227273
1.142310143,-19.48056503,-76.20338675,-1.14591559,0.802272727,0.036363636,0.703409091
1.14482069,4.583662361,-63.59831526,-7.448451337,0.7375,-0.007954545,0.572727273
1.147331238,20.62648062,159.8552248,-15.46986047,-0.002272727,0.220454545,1.106818182
1.149842262,6.302535746,165.5848028,-8.021409132,-0.385227273,0.229545455,0.992045455
1.15235281,21.77239621,100.2676141,24.63718519,-0.697727273,0.302272727,0.852272727
1.154863358,-49.27437038,-88.23550045,-23.4912696,-0.229545455,0.197727273,1.125
1.157373428,-34.37746771,-55.00394833,1.718873385,-0.195454545,0.175,1.096590909
1.159883976,-14.32394488,-25.78310078,12.60507149,-0.080681818,-0.036363636,0.971590909
1.162394524,44.69070802,10.31324031,20.62648062,-0.160227273,-0.543181818,0.669318182
1.164905548,80.21409132,-17.76169165,16.04281826,-0.160227273,-0.465909091,0.747727273
1.167416096,107.1431077,-17.18873385,-5.729577951,-0.101136364,-0.257954545,1.044318182
1.169926643,5.156620156,2.864788976,-6.875493542,0.1,0.530681818,1.122727273
1.172437191,-26.92901637,-0.572957795,6.302535746,0.242045455,0.753409091,1.020454545
1.174947739,-16.04281826,-4.010704566,-13.75098708,0.313636364,0.517045455,0.867045455
1.177457809,-26.92901637,-14.89690267,5.156620156,-0.026136364,0.581818182,0.831818182
1.179968357,-28.64788976,-11.4591559,-9.167324722,-0.044318182,0.457954545,0.935227273
1.182479382,-12.60507149,-5.729577951,8.594366927,-0.031818182,0.386363636,1.032954545
1.184989929,-5.729577951,19.48056503,-10.88619811,0.095454545,0.206818182,0.918181818
1.187501431,-12.0321137,6.875493542,-6.875493542,0.0125,0.173863636,1.067045455
1.187501431,-0.572957795,7.448451337,4.583662361,-0.078409091,0.440909091,1.095454545
1.192522049,45.83662361,27.50197417,21.19943842,-0.052272727,0.394318182,1.136363636
1.195032597,25.21014299,70.4738088,6.875493542,-0.080681818,0.4875,1.119318182
1.195032597,12.60507149,101.9864875,-9.167324722,-0.304545455,0.368181818,0.919318182
1.197542667,-85.37071147,-106.5701499,4.010704566,-0.35,0.455681818,0.843181818
1.200053215,-64.74423085,-101.9864875,7.448451337,-0.234090909,0.348863636,0.929545455
1.202563763,-55.57690613,-104.2783187,-0.572957795,0.369318182,0.022727273,1.154545455
1.20507431,-48.70141259,-79.64113352,-2.291831181,0.453409091,0.145454545,1.036363636
1.207584858,-29.22084755,24.0642274,-57.86873731,0.846590909,-0.05,0.854545455
1.210096359,-7.448451337,65.31718864,-66.46310424,0.778409091,0.1375,0.986363636
1.21260643,24.63718519,108.2890233,-46.40958141,0.482954545,0.304545455,1.017045455
1.215116978,1.14591559,30.36676314,14.89690267,-0.485227273,0.388636364,0.931818182
1.217627525,-21.77239621,7.448451337,9.740282517,-0.551136364,0.394318182,0.773863636
1.220137596,-14.89690267,16.04281826,40.10704566,-0.438636364,0.382954545,0.882954545
1.222648144,-32.65859432,-41.82591904,-18.33464944,0.019318182,0.1,1.045454545
1.225159168,-16.04281826,11.4591559,-17.76169165,0.059090909,0.096590909,1.025
1.227669716,-8.021409132,20.62648062,-22.34535401,0.2375,0.084090909,1.140909091
1.230180264,-18.90760724,-3.437746771,-52.13915936,0.063636364,0.179545455,1.139772727
1.232690811,10.31324031,15.46986047,-42.39887684,-0.109090909,0.117045455,1.078409091
1.235201836,-13.17802929,2.864788976,-38.38817227,0.115909091,0.089772727,0.994318182
1.237712383,-1.14591559,-17.18873385,-34.37746771,0.051136364,0.142045455,1.054545455
1.240222454,5.156620156,-8.021409132,-29.79380535,0.060227273,0.122727273,1.093181818
1.242733002,-9.167324722,7.448451337,-22.91831181,0.013636364,0.135227273,1.173863636
1.245243549,-4.583662361,9.740282517,-17.76169165,0.023863636,0.113636364,0.973863636
1.247754097,-27.50197417,1.718873385,-32.65859432,-0.0875,0.122727273,1.063636364
1.250264645,-8.594366927,5.156620156,-13.75098708,-0.109090909,0.025,1.153409091
1.252775669,-14.89690267,-6.302535746,-12.0321137,0.121590909,-0.154545455,1.081818182
1.255286217,-22.91831181,-5.729577951,-3.437746771,0.138636364,-0.088636364,1.045454545
1.257796764,-1.718873385,14.89690267,-12.0321137,0.047727273,-0.096590909,1.105681818
